#Produced by Art of Illusion 2.9, Wed Nov 28 15:47:46 CET 2012
mtllib flight_airliner.mtl
s 1
g Aircraft
usemtl AircraftBlack
v -0.10798 0.1789 0.4554
v -0.11159 0.17496 0.29708
v -0.16901 0.09221 0.29159
v -0.14337 0.09487 0.45525
v -0.12432 0.08028 0.59676
v -0.09468 0.15355 0.59823
v -0.0515 0.21444 0.59676
v -0.05843 0.24727 0.4551
v -0.05925 0.23892 0.29762
v 0.00002 0.27089 0.45547
v 0.00002 0.26144 0.29762
v -0.00001 0.2349 0.59823
v 0.05148 0.21444 0.59676
v 0.05847 0.24727 0.4551
v 0.05929 0.23892 0.29762
v 0.10802 0.1789 0.4554
v 0.11163 0.17496 0.29708
v 0.09465 0.15355 0.59823
v 0.1243 0.08028 0.59676
v 0.14341 0.09487 0.45525
v 0.16905 0.09221 0.29159
v 0.15528 0.02226 0.45855
v 0.18534 0.02252 0.33183
v 0.13387 0.01521 0.59823
v 0.1243 -0.03749 0.59676
v 0.14341 -0.0378 0.45525
v 0.16905 -0.03952 0.29159
v 0.10802 -0.08698 0.4554
v 0.11163 -0.08812 0.29708
v 0.09465 -0.08098 0.59823
v 0.05148 -0.11031 0.59676
v 0.05847 -0.1203 0.4551
v 0.05929 -0.12145 0.29762
v 0.00002 -0.13155 0.45547
v 0.00002 -0.13299 0.29762
v -0.00001 -0.12019 0.59823
v -0.0515 -0.11031 0.59676
v -0.05843 -0.1203 0.4551
v -0.05925 -0.12145 0.29762
v -0.10798 -0.08698 0.4554
v -0.11159 -0.08812 0.29708
v -0.09468 -0.08098 0.59823
v -0.12432 -0.03749 0.59676
v -0.14337 -0.0378 0.45525
v -0.16901 -0.03952 0.29159
v -0.15524 0.02226 0.45855
v -0.1853 0.02252 0.33183
v -0.13389 0.01521 0.59823
v -0.11228 0.15971 0.12556
v -0.05925 0.20993 0.1266
v -0.05925 0.19086 -0.06136
v -0.11159 0.15154 -0.06176
v -0.16901 0.093 -0.06584
v -0.1734 0.10649 0.11557
v 0.00002 0.22797 0.1266
v 0.05929 0.20993 0.1266
v 0.05929 0.19086 -0.06136
v 0.00002 0.20443 -0.06136
v 0.11233 0.15971 0.12556
v 0.17345 0.10649 0.11557
v 0.16905 0.093 -0.06584
v 0.11163 0.15154 -0.06176
v 0.11233 -0.0881 0.12556
v 0.05929 -0.12021 0.1266
v 0.05929 -0.10904 -0.06136
v 0.11163 -0.07604 -0.06176
v 0.16905 -0.03102 -0.06584
v 0.17345 -0.05403 0.11557
v 0.00002 -0.13175 0.1266
v -0.05925 -0.12021 0.1266
v -0.05925 -0.10904 -0.06136
v 0.00002 -0.12058 -0.06136
v -0.11228 -0.0881 0.12556
v -0.1734 -0.05403 0.11557
v -0.16901 -0.03102 -0.06584
v -0.11159 -0.07604 -0.06176
v 0.00002 0.22226 -0.26533
v 0.05842 0.20853 -0.26714
v 0.04993 0.2625 -0.48038
v 0.00002 0.28696 -0.4495
v -0.04989 0.2625 -0.48038
v -0.05838 0.20853 -0.26714
v 0.10859 0.1707 -0.26589
v 0.1479 0.12065 -0.26777
v 0.17147 0.14846 -0.4752
v 0.09897 0.19022 -0.45453
v 0.16252 0.06208 -0.26976
v 0.18534 0.03347 -0.11816
v 0.1479 0.00333 -0.26777
v 0.17147 0.04864 -0.4752
v 0.20043 0.09596 -0.44264
v 0.1086 -0.0461 -0.26548
v 0.05847 -0.07958 -0.26478
v 0.05151 -0.03387 -0.44764
v 0.0989 -0.00351 -0.45147
v 0.00002 -0.09074 -0.26509
v -0.05843 -0.07958 -0.26478
v -0.05147 -0.03387 -0.44764
v 0.00002 -0.04336 -0.44887
v -0.10856 -0.0461 -0.26548
v -0.14785 0.00333 -0.26777
v -0.17143 0.04864 -0.4752
v -0.09885 -0.00351 -0.45147
v -0.16248 0.06208 -0.26976
v -0.1853 0.03347 -0.11816
v -0.14785 0.12065 -0.26777
v -0.17143 0.14846 -0.4752
v -0.20038 0.09596 -0.44264
v -0.10855 0.1707 -0.26589
v -0.09893 0.19022 -0.45453
v 0.08303 0.18703 -0.56154
v 0.13837 0.15543 -0.60521
v 0.00002 0.12648 -0.69187
v 0.04224 0.23969 -0.61248
v 0.08169 0.03064 -0.55434
v 0.03535 0.0225 -0.57041
v 0.13824 0.07182 -0.6046
v 0.00002 0.0006 -0.54836
v -0.03531 0.0225 -0.57041
v -0.08164 0.03064 -0.55434
v -0.13819 0.07182 -0.6046
v -0.08299 0.18703 -0.56154
v -0.04219 0.23969 -0.61248
v -0.13832 0.15543 -0.60521
v 0.0157 0.38217 -0.68957
v 0.00002 0.36345 -0.73955
v 0.00002 0.43504 -0.7494
v 0.00002 0.46348 -0.72771
v 0.00002 0.4355 -0.64938
v 0.01618 0.38453 -0.59727
v -0.01566 0.38217 -0.68957
v -0.01613 0.38453 -0.59727
v 0.00002 0.36309 -0.5483
v -0.25901 0.08513 0.08852
v -0.25889 0.06885 -0.03843
v -0.35748 0.06648 -0.06074
v -0.35748 0.08279 0.06097
v -0.35748 0.06648 0.18269
v -0.25889 0.06869 0.21497
v -0.26009 0.02246 -0.08454
v -0.2585 -0.02618 -0.04167
v -0.35748 -0.049 -0.10105
v -0.35748 0.01974 -0.10908
v -0.25667 -0.0439 0.08834
v -0.2585 -0.02693 0.21718
v -0.35748 -0.049 0.21051
v -0.33092 -0.07039 0.05994
v -0.26009 0.02143 0.25982
v -0.35748 0.01974 0.23
v 0.26014 0.02143 0.25982
v 0.25854 -0.02693 0.21718
v 0.35752 -0.049 0.21051
v 0.35752 0.01974 0.23
v 0.35752 0.06648 0.18269
v 0.25893 0.06869 0.21497
v 0.25671 -0.0439 0.08834
v 0.25854 -0.02618 -0.04167
v 0.35752 -0.049 -0.10105
v 0.33096 -0.07039 0.05994
v 0.26014 0.02246 -0.08454
v 0.25893 0.06885 -0.03843
v 0.35752 0.06648 -0.06074
v 0.35752 0.01974 -0.10908
v 0.25905 0.08513 0.08852
v 0.35752 0.08279 0.06097
v 0.27167 0.11571 -0.53096
v 0.2947 0.10571 -0.57551
v 0.35072 0.1299 -0.61987
v 0.2947 0.13802 -0.57551
v 0.29524 0.11241 -0.66429
v 0.27654 0.12989 -0.71375
v 0.35593 0.13448 -0.71528
v 0.38536 0.13583 -0.69137
v 0.29524 0.14377 -0.66429
v -0.27163 0.11571 -0.53096
v -0.29466 0.13802 -0.57551
v -0.35067 0.1299 -0.61987
v -0.29466 0.10571 -0.57551
v -0.2952 0.14377 -0.66429
v -0.2765 0.12989 -0.71375
v -0.35589 0.13448 -0.71528
v -0.38532 0.13583 -0.69137
v -0.2952 0.11241 -0.66429
v -0.46413 0.02164 -0.12515
v -0.4605 -0.02721 -0.13697
v -0.58831 -0.04192 -0.12105
v -0.61482 0.02572 -0.14664
v -0.61948 0.06593 -0.10101
v -0.46398 0.06649 -0.07489
v -0.45748 -0.23736 0.04846
v -0.45748 -0.23736 -0.08563
v -0.38873 -0.21236 -0.08563
v -0.38873 -0.21236 0.04846
v -0.38873 -0.21236 0.1828
v -0.45748 -0.23736 0.1828
v -0.52623 -0.21236 0.1828
v -0.52623 -0.21236 0.04846
v -0.52623 -0.21236 -0.08563
v -0.46311 0.02164 0.21877
v -0.46325 0.06649 0.16853
v -0.61249 0.06593 0.14238
v -0.60561 0.02572 0.19239
v -0.5848 -0.04192 0.1905
v -0.4601 -0.02721 0.23264
v -0.46403 0.08257 0.04669
v -0.62257 0.08045 0.01865
v -0.85146 0.01211 -0.04256
v -0.64419 -0.05457 0.02099
v -0.80436 0.01952 0.08933
v -0.9 0.04836 0.03008
v -0.97111 0.05314 -0.07944
v -0.91663 0.04836 -0.15014
v -0.8225 0.01952 -0.1516
v -0.74855 0.03671 0.14297
v -0.80628 0.06064 0.08544
v -0.84994 0.07301 -0.04295
v -0.82475 0.06064 -0.15005
v -0.76916 0.03671 -0.17381
v 0.45752 -0.23736 0.04846
v 0.45752 -0.23736 0.1828
v 0.38877 -0.21236 0.1828
v 0.38877 -0.21236 0.04846
v 0.38877 -0.21236 -0.08563
v 0.45752 -0.23736 -0.08563
v 0.52627 -0.21236 -0.08563
v 0.52627 -0.21236 0.04846
v 0.52627 -0.21236 0.1828
v 0.46417 0.02164 -0.12515
v 0.46402 0.06649 -0.0749
v 0.61948 0.06593 -0.10108
v 0.61486 0.02572 -0.14665
v 0.58834 -0.04192 -0.12108
v 0.46055 -0.02721 -0.13697
v 0.46406 0.08257 0.04667
v 0.46327 0.06649 0.16849
v 0.61235 0.06593 0.14204
v 0.62249 0.08045 0.01843
v 0.46313 0.02164 0.21874
v 0.46013 -0.02721 0.23262
v 0.58475 -0.04192 0.19033
v 0.60546 0.02572 0.19203
v 0.76916 0.03671 -0.17389
v 0.82466 0.06064 -0.15029
v 0.91641 0.04836 -0.15062
v 0.82242 0.01952 -0.15184
v 0.84962 0.07301 -0.04362
v 0.80581 0.06064 0.0845
v 0.89944 0.04836 0.02898
v 0.97064 0.05314 -0.08038
v 0.74812 0.03671 0.14211
v 0.8039 0.01952 0.08841
v 0.85114 0.01211 -0.04322
v 0.64412 -0.05457 0.02079
v 0.3583 -0.14295 0.04954
v 0.36065 -0.14163 -0.08684
v 0.36065 -0.14163 0.18515
v 0.45752 -0.14361 -0.20281
v 0.3932 -0.14361 -0.19351
v 0.4066 -0.09268 -0.18822
v 0.45752 -0.07929 -0.19351
v 0.50845 -0.09268 -0.18822
v 0.52184 -0.14361 -0.19351
v 0.50845 -0.19453 -0.18822
v 0.45752 -0.20793 -0.19351
v 0.4066 -0.19453 -0.18822
v 0.56246 -0.14146 0.04584
v 0.55708 -0.14092 0.18324
v 0.55735 -0.14092 -0.08874
v 0.45752 -0.14361 0.30154
v 0.45752 -0.07929 0.29201
v 0.4066 -0.09268 0.28659
v 0.3932 -0.14361 0.29201
v 0.4066 -0.19453 0.28659
v 0.45752 -0.20793 0.29201
v 0.50845 -0.19453 0.28659
v 0.52184 -0.14361 0.29201
v 0.50845 -0.09268 0.28659
v -0.35826 -0.14295 0.04954
v -0.3606 -0.14163 0.18515
v -0.3606 -0.14163 -0.08684
v -0.45748 -0.14361 0.30154
v -0.39316 -0.14361 0.29201
v -0.40655 -0.09268 0.28659
v -0.45748 -0.07929 0.29201
v -0.5084 -0.09268 0.28659
v -0.5218 -0.14361 0.29201
v -0.5084 -0.19453 0.28659
v -0.45748 -0.20793 0.29201
v -0.40655 -0.19453 0.28659
v -0.56242 -0.14146 0.04586
v -0.55731 -0.14092 -0.08873
v -0.55704 -0.14092 0.18326
v -0.45748 -0.14361 -0.20281
v -0.45748 -0.07929 -0.19351
v -0.40655 -0.09268 -0.18822
v -0.39316 -0.14361 -0.19351
v -0.40655 -0.19453 -0.18822
v -0.45748 -0.20793 -0.19351
v -0.5084 -0.19453 -0.18822
v -0.5218 -0.14361 -0.19351
v -0.5084 -0.09268 -0.18822
v -0.45779 -0.05054 0.26484
v -0.52821 -0.07435 0.26123
v -0.3886 -0.07484 0.26258
v -0.54898 -0.1432 0.26033
v -0.52401 -0.21015 0.25969
v -0.45748 -0.23441 0.26019
v -0.39094 -0.21015 0.25969
v -0.36629 -0.14328 0.26055
v 0.36633 -0.14328 0.26055
v 0.39099 -0.21015 0.25969
v 0.38864 -0.07484 0.26258
v 0.45752 -0.23441 0.26019
v 0.52406 -0.21015 0.25969
v 0.54902 -0.1432 0.26032
v 0.52824 -0.07435 0.26122
v 0.45783 -0.05054 0.26484
v 0.45787 -0.05054 -0.16717
v 0.52851 -0.07435 -0.16527
v 0.38864 -0.07484 -0.16392
v 0.54906 -0.1432 -0.16279
v 0.52406 -0.21015 -0.16185
v 0.45752 -0.23441 -0.16233
v 0.39099 -0.21015 -0.16185
v 0.36633 -0.14328 -0.16256
v -0.36629 -0.14328 -0.16256
v -0.39094 -0.21015 -0.16185
v -0.3886 -0.07484 -0.16392
v -0.45748 -0.23441 -0.16233
v -0.52401 -0.21015 -0.16185
v -0.54902 -0.1432 -0.16279
v -0.52847 -0.07435 -0.16527
v -0.45783 -0.05054 -0.16717
v -0.103 0.0056 0.68799
v -0.0836 -0.03456 0.70883
v -0.00017 -0.01235 0.80605
v -0.0836 0.04766 0.70883
v -0.07285 -0.06969 0.68799
v -0.03467 -0.08369 0.70883
v -0.00006 -0.09984 0.68799
v 0.03452 -0.08369 0.70883
v 0.07273 -0.06969 0.68799
v 0.08344 -0.03456 0.70883
v 0.10288 0.0056 0.68799
v 0.08344 0.04766 0.70883
v 0.07273 0.11141 0.68799
v 0.03452 0.13323 0.70883
v -0.00006 0.17208 0.68799
v -0.03467 0.13323 0.70883
v -0.07285 0.11141 0.68799
v -0.11057 0.17967 0.37774
v -0.13777 0.13515 0.29546
v -0.15218 0.09527 0.37861
v -0.12807 0.13686 0.45503
v -0.13518 0.08983 0.52889
v -0.11166 0.11693 0.59749
v -0.10274 0.16979 0.53037
v -0.07446 0.18751 0.59749
v -0.05599 0.23661 0.52889
v -0.08463 0.21713 0.45528
v -0.05925 0.24716 0.378
v -0.08589 0.21076 0.29762
v 0.00002 0.27091 0.378
v -0.03021 0.25581 0.29762
v -0.02981 0.26507 0.45528
v -0.02632 0.22998 0.59749
v 0.00001 0.25822 0.53037
v 0.02629 0.22998 0.59749
v 0.05601 0.23661 0.52889
v 0.02985 0.26507 0.45528
v 0.05929 0.24716 0.378
v 0.03025 0.25581 0.29762
v 0.11061 0.17967 0.37774
v 0.08594 0.21076 0.29762
v 0.08466 0.21713 0.45528
v 0.07443 0.18751 0.59749
v 0.10275 0.16979 0.53037
v 0.11163 0.11693 0.59749
v 0.1352 0.08983 0.52889
v 0.12811 0.13686 0.45503
v 0.15223 0.09527 0.37861
v 0.13781 0.13515 0.29546
v 0.16653 0.0229 0.39032
v 0.18191 0.05534 0.32327
v 0.15238 0.0568 0.45717
v 0.13157 0.04625 0.59749
v 0.14531 0.01961 0.53037
v 0.13157 -0.01246 0.59749
v 0.1352 -0.03764 0.52889
v 0.15238 -0.00917 0.45717
v 0.15223 -0.03828 0.37861
v 0.18191 -0.00852 0.32327
v 0.11061 -0.08781 0.37774
v 0.13781 -0.06595 0.29546
v 0.12811 -0.06398 0.45503
v 0.11163 -0.0606 0.59749
v 0.10275 -0.0847 0.53037
v 0.07443 -0.0978 0.59749
v 0.05601 -0.11683 0.52889
v 0.08466 -0.10606 0.45528
v 0.05929 -0.12145 0.378
v 0.08594 -0.10704 0.29762
v 0.00002 -0.13299 0.378
v 0.03025 -0.1301 0.29762
v 0.02985 -0.12876 0.45528
v 0.02629 -0.11774 0.59749
v 0.00001 -0.12725 0.53037
v -0.02632 -0.11774 0.59749
v -0.05599 -0.11683 0.52889
v -0.02981 -0.12876 0.45528
v -0.05925 -0.12145 0.378
v -0.03021 -0.1301 0.29762
v -0.11057 -0.08781 0.37774
v -0.08589 -0.10704 0.29762
v -0.08463 -0.10606 0.45528
v -0.07446 -0.0978 0.59749
v -0.10274 -0.0847 0.53037
v -0.11166 -0.0606 0.59749
v -0.13518 -0.03764 0.52889
v -0.12807 -0.06398 0.45503
v -0.15218 -0.03828 0.37861
v -0.13777 -0.06595 0.29546
v -0.16649 0.0229 0.39032
v -0.18186 -0.00852 0.32327
v -0.15234 -0.00917 0.45717
v -0.1316 -0.01246 0.59749
v -0.1453 0.01961 0.53037
v -0.1316 0.04625 0.59749
v -0.15234 0.0568 0.45717
v -0.18186 0.05534 0.32327
v -0.11213 0.16766 0.2131
v -0.05925 0.22517 0.21398
v -0.08589 0.18737 0.1266
v -0.05925 0.19716 0.03499
v -0.08589 0.1739 -0.06136
v -0.11213 0.15308 0.03419
v -0.13777 0.12515 -0.06298
v -0.17249 0.10267 0.02862
v -0.14054 0.13089 0.12242
v -0.17249 0.10445 0.20131
v 0.00002 0.24566 0.21398
v 0.05929 0.22517 0.21398
v 0.03025 0.22346 0.1266
v 0.05929 0.19716 0.03499
v 0.03025 0.20104 -0.06136
v 0.00002 0.21276 0.03499
v -0.03021 0.20104 -0.06136
v -0.03021 0.22346 0.1266
v 0.11217 0.16766 0.2131
v 0.17254 0.10445 0.20131
v 0.14058 0.13089 0.12242
v 0.17254 0.10267 0.02862
v 0.13781 0.12515 -0.06298
v 0.11217 0.15308 0.03419
v 0.08594 0.1739 -0.06136
v 0.08594 0.18737 0.1266
v 0.11217 -0.08883 0.2131
v 0.05929 -0.12145 0.21398
v 0.08594 -0.1058 0.1266
v 0.05929 -0.11649 0.03499
v 0.08594 -0.09463 -0.06136
v 0.11217 -0.08409 0.03419
v 0.13781 -0.05488 -0.06298
v 0.17254 -0.04853 0.02862
v 0.14058 -0.0696 0.12242
v 0.17254 -0.05153 0.20131
v 0.00002 -0.13299 0.21398
v -0.05925 -0.12145 0.21398
v -0.03021 -0.12886 0.1266
v -0.05925 -0.11649 0.03499
v -0.03021 -0.11769 -0.06136
v 0.00002 -0.12802 0.03499
v 0.03025 -0.11769 -0.06136
v 0.03025 -0.12886 0.1266
v -0.11213 -0.08883 0.2131
v -0.17249 -0.05153 0.20131
v -0.14054 -0.0696 0.12242
v -0.17249 -0.04853 0.02862
v -0.13777 -0.05488 -0.06298
v -0.11213 -0.08409 0.03419
v -0.08589 -0.09463 -0.06136
v -0.08589 -0.1058 0.1266
v 0.00002 0.20738 -0.16291
v 0.05929 0.19503 -0.16291
v 0.02982 0.21876 -0.26619
v 0.05582 0.23026 -0.37149
v 0.02489 0.28184 -0.45621
v 0.00002 0.24977 -0.36424
v -0.02485 0.28184 -0.45621
v -0.05577 0.23026 -0.37149
v -0.02978 0.21876 -0.26619
v -0.05925 0.19503 -0.16291
v 0.11061 0.15888 -0.16308
v 0.15223 0.10582 -0.16731
v 0.13043 0.14693 -0.2665
v 0.15316 0.13558 -0.36961
v 0.1285 0.16812 -0.45864
v 0.10505 0.18259 -0.36631
v 0.07477 0.21907 -0.46052
v 0.08463 0.19188 -0.26657
v 0.16653 0.04607 -0.18361
v 0.18191 0.00254 -0.1071
v 0.15223 -0.0148 -0.16731
v 0.15875 0.03211 -0.26909
v 0.15316 0.02399 -0.36961
v 0.19442 0.07163 -0.44969
v 0.17427 0.07959 -0.36126
v 0.19442 0.12137 -0.44969
v 0.15875 0.09199 -0.26909
v 0.18191 0.06325 -0.1071
v 0.11061 -0.06321 -0.16308
v 0.05929 -0.09664 -0.16291
v 0.08467 -0.06529 -0.26493
v 0.05602 -0.05819 -0.36204
v 0.07447 -0.02117 -0.44826
v 0.10508 -0.02522 -0.36467
v 0.1285 0.01861 -0.45864
v 0.13043 -0.02298 -0.2665
v 0.00002 -0.10817 -0.16291
v -0.05925 -0.09664 -0.16291
v -0.02981 -0.088 -0.26493
v -0.05598 -0.05819 -0.36204
v -0.02628 -0.04111 -0.44826
v 0.00002 -0.06823 -0.36327
v 0.02632 -0.04111 -0.44826
v 0.02985 -0.088 -0.26493
v -0.11057 -0.06321 -0.16308
v -0.15218 -0.0148 -0.16731
v -0.13039 -0.02298 -0.2665
v -0.15311 0.02399 -0.36961
v -0.12846 0.01861 -0.45864
v -0.10504 -0.02522 -0.36467
v -0.07442 -0.02117 -0.44826
v -0.08462 -0.06529 -0.26493
v -0.16649 0.04607 -0.18361
v -0.18186 0.06325 -0.1071
v -0.15218 0.10582 -0.16731
v -0.15871 0.09199 -0.26909
v -0.15311 0.13558 -0.36961
v -0.19437 0.12137 -0.44969
v -0.17423 0.07959 -0.36126
v -0.19437 0.07163 -0.44969
v -0.15871 0.03211 -0.26909
v -0.18186 0.00254 -0.1071
v -0.11057 0.15888 -0.16308
v -0.08459 0.19188 -0.26657
v -0.07473 0.21907 -0.46052
v -0.105 0.18259 -0.36631
v -0.12846 0.16812 -0.45864
v -0.13039 0.14693 -0.2665
v 0.08936 0.18928 -0.52075
v 0.16222 0.15709 -0.54888
v 0.09744 0.17011 -0.58012
v 0.095 0.14806 -0.65239
v 0.03061 0.20332 -0.65779
v 0.06223 0.20155 -0.58244
v 0.04942 0.25888 -0.55595
v 0.08888 0.01608 -0.51668
v 0.04453 -0.00801 -0.51451
v 0.05921 0.02839 -0.56624
v 0.02429 0.06078 -0.62312
v 0.09449 0.09011 -0.64997
v 0.09693 0.04893 -0.57769
v 0.16222 0.0583 -0.54888
v 0.00002 -0.01888 -0.51328
v -0.04448 -0.00801 -0.51451
v -0.01461 0.01127 -0.56423
v -0.02424 0.06078 -0.62312
v 0.01465 0.01127 -0.56423
v -0.08884 0.01608 -0.51668
v -0.16218 0.0583 -0.54888
v -0.09688 0.04893 -0.57769
v -0.09445 0.09011 -0.64997
v -0.05916 0.02839 -0.56624
v -0.08932 0.18928 -0.52075
v -0.04937 0.25888 -0.55595
v -0.06219 0.20155 -0.58244
v -0.03057 0.20332 -0.65779
v -0.09496 0.14806 -0.65239
v -0.09739 0.17011 -0.58012
v -0.16218 0.15709 -0.54888
v 0.02706 0.30777 -0.65149
v 0.00002 0.26489 -0.71275
v 0.0089 0.37084 -0.72482
v 0.00002 0.43112 -0.75428
v 0.00002 0.46129 -0.75119
v 0.00716 0.43926 -0.7168
v 0.00002 0.45382 -0.68701
v 0.00614 0.4222 -0.63048
v 0.01836 0.38662 -0.6427
v 0.02999 0.32789 -0.54971
v -0.02702 0.30777 -0.65149
v -0.02994 0.32789 -0.54971
v -0.01832 0.38662 -0.6427
v -0.00609 0.4222 -0.63048
v -0.00711 0.43926 -0.7168
v -0.00885 0.37084 -0.72482
v 0.00002 0.33091 -0.51099
v 0.00846 0.37625 -0.56634
v -0.00842 0.37625 -0.56634
v -0.21361 0.09213 0.1034
v -0.21311 0.07597 -0.03925
v -0.25886 0.08113 0.01923
v -0.30748 0.06648 -0.04819
v -0.35748 0.07871 -0.00541
v -0.30748 0.08279 0.07352
v -0.35748 0.07871 0.12736
v -0.30748 0.06648 0.19523
v -0.25886 0.08113 0.15769
v -0.21311 0.07532 0.24409
v -0.21793 0.02621 -0.08877
v -0.21311 -0.02591 -0.03925
v -0.25958 -0.00391 -0.07487
v -0.30592 -0.03235 -0.06115
v -0.35748 -0.0104 -0.11027
v -0.30748 0.02037 -0.09461
v -0.35748 0.04609 -0.09393
v -0.25958 0.04801 -0.07271
v -0.21361 -0.04512 0.1034
v -0.21311 -0.02891 0.24409
v -0.2573 -0.03983 0.15916
v -0.30592 -0.03235 0.20405
v -0.3356 -0.06591 0.13681
v -0.2981 -0.05143 0.07283
v -0.3356 -0.06591 -0.01899
v -0.2573 -0.03943 0.01707
v -0.21793 0.02209 0.28922
v -0.25958 0.04738 0.24857
v -0.35748 0.04609 0.21588
v -0.30748 0.02037 0.24096
v -0.35748 -0.0104 0.2281
v -0.25958 -0.00492 0.25004
v 0.21797 0.02209 0.28922
v 0.21316 -0.02891 0.24409
v 0.25962 -0.00492 0.25004
v 0.30596 -0.03235 0.20405
v 0.35752 -0.0104 0.2281
v 0.30752 0.02037 0.24096
v 0.35752 0.04609 0.21588
v 0.30752 0.06648 0.19523
v 0.25962 0.04738 0.24857
v 0.21316 0.07532 0.24409
v 0.21365 -0.04512 0.1034
v 0.21316 -0.02591 -0.03925
v 0.25734 -0.03943 0.01707
v 0.30596 -0.03235 -0.06115
v 0.33565 -0.06591 -0.01899
v 0.29815 -0.05143 0.07283
v 0.33565 -0.06591 0.13681
v 0.25734 -0.03983 0.15916
v 0.21797 0.02621 -0.08877
v 0.21316 0.07597 -0.03925
v 0.25962 0.04801 -0.07271
v 0.30752 0.06648 -0.04819
v 0.35752 0.04609 -0.09393
v 0.30752 0.02037 -0.09461
v 0.35752 -0.0104 -0.11027
v 0.25962 -0.00391 -0.07487
v 0.21365 0.09213 0.1034
v 0.2589 0.08113 0.15769
v 0.35752 0.07871 0.12736
v 0.30752 0.08279 0.07352
v 0.35752 0.07871 -0.00541
v 0.2589 0.08113 0.01923
v 0.23963 0.10854 -0.49845
v 0.23579 0.08226 -0.53592
v 0.28497 0.11037 -0.54689
v 0.33541 0.12157 -0.60322
v 0.33541 0.13381 -0.60322
v 0.28497 0.12726 -0.54689
v 0.23579 0.14219 -0.53592
v 0.21309 0.09359 -0.63567
v 0.1641 0.1255 -0.69862
v 0.2841 0.12065 -0.69904
v 0.35269 0.13224 -0.7184
v 0.38511 0.13448 -0.71198
v 0.35848 0.12645 -0.68385
v 0.37244 0.13359 -0.654
v 0.29845 0.10691 -0.61888
v 0.21309 0.14766 -0.63567
v 0.29845 0.14358 -0.61888
v 0.35848 0.14072 -0.68385
v 0.2841 0.1384 -0.69904
v -0.23959 0.10854 -0.49845
v -0.23575 0.14219 -0.53592
v -0.28492 0.12726 -0.54689
v -0.33537 0.13381 -0.60322
v -0.33537 0.12157 -0.60322
v -0.28492 0.11037 -0.54689
v -0.23575 0.08226 -0.53592
v -0.21304 0.14766 -0.63567
v -0.16406 0.1255 -0.69862
v -0.28405 0.1384 -0.69904
v -0.35265 0.13224 -0.7184
v -0.38507 0.13448 -0.71198
v -0.35843 0.14072 -0.68385
v -0.3724 0.13359 -0.654
v -0.29841 0.14358 -0.61888
v -0.21304 0.09359 -0.63567
v -0.29841 0.10691 -0.61888
v -0.35843 0.12645 -0.68385
v -0.28405 0.12065 -0.69904
v -0.40748 0.02037 -0.11807
v -0.40904 -0.03235 -0.12922
v -0.46255 -0.00466 -0.13164
v -0.51802 -0.03003 -0.13677
v -0.60742 -0.0021 -0.14302
v -0.53407 0.02291 -0.13391
v -0.61796 0.04867 -0.13344
v -0.5335 0.0665 -0.08473
v -0.46431 0.04643 -0.10815
v -0.40748 0.06648 -0.06826
v -0.45748 -0.23736 -0.0229
v -0.41998 -0.23111 -0.08563
v -0.38873 -0.21236 -0.0229
v -0.41998 -0.23111 0.04846
v -0.38873 -0.21236 0.11988
v -0.41998 -0.23111 0.1828
v -0.45748 -0.23736 0.11988
v -0.49498 -0.23111 0.1828
v -0.52623 -0.21236 0.11988
v -0.49498 -0.23111 0.04846
v -0.52623 -0.21236 -0.0229
v -0.49498 -0.23111 -0.08563
v -0.40748 0.02037 0.22429
v -0.40748 0.06648 0.17516
v -0.46333 0.04643 0.20166
v -0.53057 0.0665 0.15868
v -0.60906 0.04867 0.17633
v -0.52999 0.02291 0.20842
v -0.59983 -0.0021 0.19531
v -0.51639 -0.03003 0.22337
v -0.46179 -0.00466 0.22612
v -0.40904 -0.03235 0.23093
v -0.40748 0.08279 0.05345
v -0.46402 0.07854 -0.01963
v -0.622 0.07669 -0.04697
v -0.53368 0.08192 0.03647
v -0.61819 0.07669 0.08579
v -0.46363 0.07854 0.11314
v -0.74291 -0.018 -0.00932
v -0.63083 -0.05201 0.102
v -0.7044 -0.00599 0.13197
v -0.83403 0.01398 0.02717
v -0.87207 0.03791 0.0542
v -0.94486 0.05153 -0.01946
v -0.93534 0.03563 -0.06838
v -0.95509 0.05153 -0.12636
v -0.8912 0.03791 -0.15777
v -0.84422 0.01398 -0.10488
v -0.71639 -0.00599 -0.13316
v -0.63334 -0.05201 -0.05379
v -0.68746 0.03157 0.16986
v -0.71207 0.06417 0.11639
v -0.77641 0.04843 0.12633
v -0.87207 0.05473 0.0542
v -0.77487 0.02867 0.12893
v -0.73683 0.07778 -0.01088
v -0.72537 0.06417 -0.12696
v -0.84441 0.06945 -0.10384
v -0.8912 0.05473 -0.15777
v -0.93534 0.0652 -0.06838
v -0.83401 0.06945 0.02458
v -0.70386 0.03157 -0.16562
v -0.7965 0.02867 -0.17456
v -0.79826 0.04843 -0.17353
v 0.45752 -0.23736 0.11988
v 0.42002 -0.23111 0.1828
v 0.38877 -0.21236 0.11988
v 0.42002 -0.23111 0.04846
v 0.38877 -0.21236 -0.0229
v 0.42002 -0.23111 -0.08563
v 0.45752 -0.23736 -0.0229
v 0.49502 -0.23111 -0.08563
v 0.52627 -0.21236 -0.0229
v 0.49502 -0.23111 0.04846
v 0.52627 -0.21236 0.11988
v 0.49502 -0.23111 0.1828
v 0.40752 0.02037 -0.11807
v 0.40752 0.06648 -0.06826
v 0.46435 0.04643 -0.10815
v 0.53353 0.0665 -0.08476
v 0.61799 0.04867 -0.13346
v 0.53411 0.02291 -0.13392
v 0.60745 -0.0021 -0.14304
v 0.51806 -0.03003 -0.13678
v 0.4626 -0.00466 -0.13164
v 0.40908 -0.03235 -0.12922
v 0.40752 0.08279 0.05345
v 0.40752 0.06648 0.17516
v 0.46365 0.07854 0.11311
v 0.53053 0.0665 0.15854
v 0.61808 0.07669 0.0855
v 0.53367 0.08192 0.03638
v 0.62197 0.07669 -0.04711
v 0.46405 0.07854 -0.01964
v 0.40752 0.02037 0.22429
v 0.40908 -0.03235 0.23093
v 0.46182 -0.00466 0.22609
v 0.51639 -0.03003 0.2233
v 0.5997 -0.0021 0.195
v 0.52994 0.02291 0.20826
v 0.6089 0.04867 0.17596
v 0.46336 0.04643 0.20162
v 0.70389 0.03157 -0.16565
v 0.72534 0.06417 -0.1271
v 0.79824 0.04843 -0.17364
v 0.89104 0.05473 -0.15813
v 0.89104 0.03791 -0.15813
v 0.79649 0.02867 -0.17467
v 0.71636 -0.00599 -0.13329
v 0.73664 0.07778 -0.01131
v 0.71176 0.06417 0.11575
v 0.83359 0.06945 0.02374
v 0.87151 0.05473 0.05311
v 0.94431 0.05153 -0.02054
v 0.93491 0.0652 -0.06924
v 0.95476 0.05153 -0.12705
v 0.84421 0.06945 -0.10429
v 0.68715 0.03157 0.16921
v 0.70412 -0.00599 0.13139
v 0.77441 0.02867 0.128
v 0.87151 0.03791 0.05311
v 0.77594 0.04843 0.12539
v 0.74273 -0.018 -0.00974
v 0.63331 -0.05201 -0.05392
v 0.84402 0.01398 -0.10532
v 0.93491 0.03563 -0.06924
v 0.83362 0.01398 0.02634
v 0.63075 -0.05201 0.10177
v 0.34815 -0.10347 0.05277
v 0.35752 -0.09818 -0.09049
v 0.35908 -0.14229 -0.02318
v 0.37002 -0.18111 -0.08563
v 0.37002 -0.18111 0.04846
v 0.37002 -0.18111 0.1828
v 0.35908 -0.14229 0.12197
v 0.35752 -0.09818 0.19221
v 0.42245 -0.14361 -0.20047
v 0.39763 -0.1134 -0.19176
v 0.42731 -0.08371 -0.19176
v 0.45752 -0.10854 -0.20047
v 0.48773 -0.08371 -0.19176
v 0.51742 -0.1134 -0.19176
v 0.49259 -0.14361 -0.20047
v 0.51742 -0.17382 -0.19176
v 0.48773 -0.2035 -0.19176
v 0.45752 -0.17868 -0.20047
v 0.42731 -0.2035 -0.19176
v 0.39763 -0.17382 -0.19176
v 0.58976 -0.0975 0.03797
v 0.56826 -0.09536 0.18459
v 0.56056 -0.14108 0.1189
v 0.54502 -0.18111 0.1828
v 0.54502 -0.18111 0.04846
v 0.54502 -0.18111 -0.08563
v 0.56074 -0.14108 -0.02625
v 0.56932 -0.09536 -0.09807
v 0.45752 -0.10854 0.29915
v 0.42731 -0.08371 0.29022
v 0.39763 -0.1134 0.29022
v 0.42245 -0.14361 0.29915
v 0.39763 -0.17382 0.29022
v 0.42731 -0.2035 0.29022
v 0.45752 -0.17868 0.29915
v 0.48773 -0.2035 0.29022
v 0.51742 -0.17382 0.29022
v 0.49259 -0.14361 0.29915
v 0.51742 -0.1134 0.29022
v 0.48773 -0.08371 0.29022
v -0.3481 -0.10347 0.05277
v -0.35748 -0.09818 0.19221
v -0.35904 -0.14229 0.12197
v -0.36998 -0.18111 0.1828
v -0.36998 -0.18111 0.04846
v -0.36998 -0.18111 -0.08563
v -0.35904 -0.14229 -0.02318
v -0.35748 -0.09818 -0.09049
v -0.42241 -0.14361 0.29915
v -0.39758 -0.1134 0.29022
v -0.42727 -0.08371 0.29022
v -0.45748 -0.10854 0.29915
v -0.48769 -0.08371 0.29022
v -0.51737 -0.1134 0.29022
v -0.49255 -0.14361 0.29915
v -0.51737 -0.17382 0.29022
v -0.48769 -0.2035 0.29022
v -0.45748 -0.17868 0.29915
v -0.42727 -0.2035 0.29022
v -0.39758 -0.17382 0.29022
v -0.58976 -0.0975 0.03804
v -0.56929 -0.09536 -0.09805
v -0.5607 -0.14108 -0.02624
v -0.54498 -0.18111 -0.08563
v -0.54498 -0.18111 0.04846
v -0.54498 -0.18111 0.1828
v -0.56052 -0.14108 0.11891
v -0.56824 -0.09536 0.18464
v -0.45748 -0.10854 -0.20047
v -0.42727 -0.08371 -0.19176
v -0.39758 -0.1134 -0.19176
v -0.42241 -0.14361 -0.20047
v -0.39758 -0.17382 -0.19176
v -0.42727 -0.2035 -0.19176
v -0.45748 -0.17868 -0.20047
v -0.48769 -0.2035 -0.19176
v -0.51737 -0.17382 -0.19176
v -0.49255 -0.14361 -0.20047
v -0.51737 -0.1134 -0.19176
v -0.48769 -0.08371 -0.19176
v -0.45871 -0.04078 0.24727
v -0.54299 -0.06397 0.23479
v -0.49656 -0.05622 0.26327
v -0.51737 -0.08371 0.2782
v -0.45748 -0.06166 0.28017
v -0.39758 -0.08371 0.2782
v -0.41963 -0.05655 0.26417
v -0.37935 -0.06591 0.2402
v -0.55402 -0.14196 0.22921
v -0.52623 -0.21236 0.22865
v -0.5422 -0.17989 0.25994
v -0.51737 -0.2035 0.2782
v -0.53942 -0.14361 0.28017
v -0.54499 -0.10568 0.2605
v -0.45748 -0.23736 0.22865
v -0.38873 -0.21236 0.22865
v -0.42119 -0.22833 0.25994
v -0.39758 -0.2035 0.2782
v -0.45748 -0.22555 0.28017
v -0.49376 -0.22833 0.25994
v -0.36217 -0.14229 0.23011
v -0.37119 -0.106 0.2614
v -0.37553 -0.14361 0.28017
v -0.37276 -0.17989 0.25994
v 0.36221 -0.14229 0.23011
v 0.38877 -0.21236 0.22865
v 0.3728 -0.17989 0.25994
v 0.39763 -0.2035 0.2782
v 0.37558 -0.14361 0.28017
v 0.39763 -0.08371 0.2782
v 0.37124 -0.106 0.2614
v 0.3794 -0.06591 0.2402
v 0.45752 -0.23736 0.22865
v 0.52627 -0.21236 0.22865
v 0.49381 -0.22833 0.25994
v 0.51742 -0.2035 0.2782
v 0.45752 -0.22555 0.28017
v 0.42124 -0.22833 0.25994
v 0.55406 -0.14196 0.2292
v 0.54301 -0.06397 0.23474
v 0.54503 -0.10568 0.26049
v 0.51742 -0.08371 0.2782
v 0.53947 -0.14361 0.28017
v 0.54224 -0.17989 0.25994
v 0.45875 -0.04078 0.24726
v 0.41967 -0.05655 0.26417
v 0.45752 -0.06166 0.28017
v 0.4966 -0.05622 0.26326
v 0.45893 -0.04078 -0.15049
v 0.54407 -0.06397 -0.14483
v 0.49677 -0.05622 -0.16668
v 0.51742 -0.08371 -0.18004
v 0.45752 -0.06166 -0.18196
v 0.39763 -0.08371 -0.18004
v 0.41967 -0.05655 -0.16577
v 0.3794 -0.06591 -0.13942
v 0.55424 -0.14196 -0.13298
v 0.52627 -0.21236 -0.13116
v 0.54224 -0.17989 -0.16209
v 0.51742 -0.2035 -0.18004
v 0.53947 -0.14361 -0.18196
v 0.54521 -0.10568 -0.16391
v 0.45752 -0.23736 -0.13116
v 0.38877 -0.21236 -0.13116
v 0.42124 -0.22833 -0.16209
v 0.39763 -0.2035 -0.18004
v 0.45752 -0.22555 -0.18196
v 0.49381 -0.22833 -0.16209
v 0.36221 -0.14229 -0.13208
v 0.37124 -0.106 -0.16301
v 0.37558 -0.14361 -0.18196
v 0.3728 -0.17989 -0.16209
v -0.36217 -0.14229 -0.13208
v -0.38873 -0.21236 -0.13116
v -0.37276 -0.17989 -0.16209
v -0.39758 -0.2035 -0.18004
v -0.37553 -0.14361 -0.18196
v -0.39758 -0.08371 -0.18004
v -0.37119 -0.106 -0.16301
v -0.37935 -0.06591 -0.13942
v -0.45748 -0.23736 -0.13116
v -0.52623 -0.21236 -0.13116
v -0.49376 -0.22833 -0.16209
v -0.51737 -0.2035 -0.18004
v -0.45748 -0.22555 -0.18196
v -0.42119 -0.22833 -0.16209
v -0.5542 -0.14196 -0.13298
v -0.54403 -0.06397 -0.14482
v -0.54517 -0.10568 -0.16391
v -0.51737 -0.08371 -0.18004
v -0.53942 -0.14361 -0.18196
v -0.5422 -0.17989 -0.16209
v -0.45888 -0.04078 -0.15049
v -0.41963 -0.05655 -0.16577
v -0.45748 -0.06166 -0.18196
v -0.49673 -0.05622 -0.16668
v -0.11827 0.00933 0.65461
v -0.10748 -0.03704 0.65609
v -0.09424 -0.01295 0.70311
v -0.05159 -0.0283 0.75694
v -0.05159 0.02384 0.75694
v -0.09424 0.02113 0.70311
v -0.10748 0.06635 0.65609
v -0.08364 -0.07583 0.65461
v -0.04455 -0.09998 0.65609
v -0.05632 -0.07606 0.70311
v -0.02144 -0.05927 0.75694
v -0.077 -0.05537 0.70311
v -0.00004 -0.11046 0.65461
v 0.04446 -0.09998 0.65609
v 0.01455 -0.0933 0.70311
v 0.0212 -0.05927 0.75694
v -0.0147 -0.0933 0.70311
v 0.08356 -0.07583 0.65461
v 0.1074 -0.03704 0.65609
v 0.07686 -0.05537 0.70311
v 0.05135 -0.0283 0.75694
v 0.05617 -0.07606 0.70311
v 0.11819 0.00933 0.65461
v 0.1074 0.06635 0.65609
v 0.09409 0.02113 0.70311
v 0.05135 0.02384 0.75694
v 0.09409 -0.01295 0.70311
v 0.08356 0.13141 0.65461
v 0.04446 0.18004 0.65609
v 0.05617 0.11912 0.70311
v 0.0212 0.07381 0.75694
v 0.07686 0.08188 0.70311
v -0.00004 0.20295 0.65461
v -0.04455 0.18004 0.65609
v -0.0147 0.15468 0.70311
v -0.02144 0.07381 0.75694
v 0.01455 0.15468 0.70311
v -0.08364 0.13141 0.65461
v -0.077 0.08188 0.70311
v -0.05632 0.11912 0.70311
v -0.13368 0.13748 0.37698
v -0.12132 0.12971 0.52963
v -0.08083 0.20712 0.52963
v -0.08589 0.21748 0.378
v -0.03021 0.26497 0.378
v -0.02863 0.25317 0.52963
v 0.02864 0.25317 0.52963
v 0.03025 0.26497 0.378
v 0.08594 0.21748 0.378
v 0.08084 0.20712 0.52963
v 0.12133 0.12971 0.52963
v 0.13373 0.13748 0.37698
v 0.16304 0.05737 0.38554
v 0.14296 0.05308 0.52963
v 0.14296 -0.01043 0.52963
v 0.16304 -0.00903 0.38554
v 0.13373 -0.06472 0.37698
v 0.12133 -0.06263 0.52963
v 0.08084 -0.10312 0.52963
v 0.08594 -0.10704 0.378
v 0.03025 -0.1301 0.378
v 0.02864 -0.12475 0.52963
v -0.02863 -0.12475 0.52963
v -0.03021 -0.1301 0.378
v -0.08589 -0.10704 0.378
v -0.08083 -0.10312 0.52963
v -0.12132 -0.06263 0.52963
v -0.13368 -0.06472 0.37698
v -0.163 -0.00903 0.38554
v -0.14294 -0.01043 0.52963
v -0.14294 0.05308 0.52963
v -0.163 0.05737 0.38554
v -0.08589 0.19956 0.21398
v -0.08589 0.17765 0.03499
v -0.13993 0.12616 0.03181
v -0.13993 0.13342 0.21045
v 0.03025 0.24054 0.21398
v 0.03025 0.20886 0.03499
v -0.03021 0.20886 0.03499
v -0.03021 0.24054 0.21398
v 0.13998 0.13342 0.21045
v 0.13998 0.12616 0.03181
v 0.08594 0.17765 0.03499
v 0.08594 0.19956 0.21398
v 0.08594 -0.10704 0.21398
v 0.08594 -0.10207 0.03499
v 0.13998 -0.06472 0.03181
v 0.13998 -0.06879 0.21045
v -0.03021 -0.1301 0.21398
v -0.03021 -0.12514 0.03499
v 0.03025 -0.12514 0.03499
v 0.03025 -0.1301 0.21398
v -0.13993 -0.06879 0.21045
v -0.13993 -0.06472 0.03181
v -0.08589 -0.10207 0.03499
v -0.08589 -0.10704 0.21398
v 0.03025 0.20429 -0.16291
v 0.02852 0.2446 -0.36767
v -0.02847 0.2446 -0.36767
v -0.03021 0.20429 -0.16291
v 0.13373 0.13379 -0.16358
v 0.13061 0.15941 -0.36824
v 0.08072 0.2079 -0.36921
v 0.08594 0.1796 -0.16291
v 0.16304 0.01489 -0.17716
v 0.16844 0.05133 -0.36503
v 0.16844 0.10832 -0.36503
v 0.16304 0.07648 -0.17716
v 0.08594 -0.08222 -0.16291
v 0.08086 -0.04429 -0.36266
v 0.13061 -0.00199 -0.36824
v 0.13373 -0.04079 -0.16358
v -0.03021 -0.10528 -0.16291
v -0.02861 -0.06591 -0.36266
v 0.02865 -0.06591 -0.36266
v 0.03025 -0.10528 -0.16291
v -0.13368 -0.04079 -0.16358
v -0.13056 -0.00199 -0.36824
v -0.08081 -0.04429 -0.36266
v -0.08589 -0.08222 -0.16291
v -0.163 0.07648 -0.17716
v -0.1684 0.10832 -0.36503
v -0.1684 0.05133 -0.36503
v -0.163 0.01489 -0.17716
v -0.08589 0.1796 -0.16291
v -0.08068 0.2079 -0.36921
v -0.13056 0.15941 -0.36824
v -0.13368 0.13379 -0.16358
v 0.11834 0.16996 -0.52752
v 0.06312 0.17375 -0.62168
v 0.06736 0.2168 -0.53016
v 0.06546 0.00211 -0.51389
v 0.06108 0.0605 -0.61197
v 0.11834 0.03528 -0.52752
v -0.02249 -0.01567 -0.51389
v 0.00002 0.04056 -0.60392
v 0.02254 -0.01567 -0.51389
v -0.11829 0.03528 -0.52752
v -0.06104 0.0605 -0.61197
v -0.06542 0.00211 -0.51389
v -0.06732 0.2168 -0.53016
v -0.06308 0.17375 -0.62168
v -0.11829 0.16996 -0.52752
v 0.01514 0.28126 -0.69409
v 0.0041 0.43532 -0.74428
v 0.00818 0.43428 -0.67436
v 0.0326 0.32181 -0.59835
v -0.03255 0.32182 -0.59835
v -0.00813 0.43428 -0.67436
v -0.00406 0.43532 -0.74428
v -0.01509 0.28126 -0.69409
v 0.01748 0.33048 -0.52064
v 0.00002 0.40484 -0.59872
v -0.01744 0.33048 -0.52064
v -0.213 0.08839 0.02541
v -0.30748 0.07871 0.00713
v -0.30748 0.07871 0.13991
v -0.213 0.08836 0.18094
v -0.21588 -0.00208 -0.07678
v -0.30748 -0.00788 -0.09002
v -0.30748 0.04609 -0.08139
v -0.21588 0.05374 -0.07678
v -0.213 -0.04165 0.18094
v -0.30123 -0.04675 0.14579
v -0.30123 -0.04675 -0.00151
v -0.213 -0.04006 0.02541
v -0.21588 0.05123 0.2789
v -0.30748 0.04609 0.22843
v -0.30748 -0.00788 0.2343
v -0.21588 -0.00615 0.2789
v 0.21593 -0.00615 0.2789
v 0.30752 -0.00788 0.2343
v 0.30752 0.04609 0.22843
v 0.21593 0.05123 0.2789
v 0.21304 -0.04006 0.02541
v 0.30127 -0.04675 -0.00151
v 0.30127 -0.04675 0.14579
v 0.21304 -0.04165 0.18094
v 0.21593 0.05374 -0.07678
v 0.30752 0.04609 -0.08139
v 0.30752 -0.00788 -0.09002
v 0.21593 -0.00208 -0.07678
v 0.21304 0.08836 0.18094
v 0.30752 0.07871 0.13991
v 0.30752 0.07871 0.00713
v 0.21304 0.08839 0.02541
v 0.23896 0.09208 -0.50775
v 0.31532 0.1242 -0.57477
v 0.23896 0.127 -0.50775
v 0.18283 0.10891 -0.67913
v 0.35629 0.12907 -0.70928
v 0.35066 0.12314 -0.64404
v 0.22895 0.08373 -0.58325
v 0.22895 0.14888 -0.58325
v 0.35066 0.13944 -0.64404
v 0.35629 0.13722 -0.70928
v 0.18283 0.13914 -0.67913
v -0.23892 0.127 -0.50775
v -0.31527 0.1242 -0.57477
v -0.23892 0.09208 -0.50775
v -0.18279 0.13914 -0.67913
v -0.35624 0.13722 -0.70928
v -0.35062 0.13944 -0.64404
v -0.22891 0.14888 -0.58325
v -0.22891 0.08373 -0.58325
v -0.35062 0.12314 -0.64404
v -0.35624 0.12907 -0.70928
v -0.18279 0.10891 -0.67913
v -0.40748 -0.00788 -0.12363
v -0.52778 -0.00508 -0.13584
v -0.53481 0.04745 -0.11818
v -0.40748 0.04609 -0.10146
v -0.41998 -0.23111 -0.0229
v -0.41998 -0.23111 0.11988
v -0.49498 -0.23111 0.11988
v -0.49498 -0.23111 -0.0229
v -0.40748 0.04609 0.20835
v -0.5309 0.04745 0.19161
v -0.52474 -0.00508 0.2156
v -0.40748 -0.00788 0.22783
v -0.40748 0.07871 -0.01294
v -0.53364 0.07803 -0.02966
v -0.53207 0.07803 0.1031
v -0.40748 0.07871 0.11984
v -0.72745 -0.01533 0.06765
v -0.91259 0.03584 -0.00526
v -0.92332 0.03584 -0.12076
v -0.73401 -0.01533 -0.0796
v -0.6967 0.0496 0.15391
v -0.83077 0.04332 0.09558
v -0.69055 0.01134 0.16429
v -0.73479 0.07403 -0.07547
v -0.92332 0.06234 -0.12076
v -0.91259 0.06234 -0.00526
v -0.72736 0.07403 0.05727
v -0.70571 0.01134 -0.15995
v -0.85363 0.04332 -0.17477
v -0.71274 0.0496 -0.15582
v 0.42002 -0.23111 0.11988
v 0.42002 -0.23111 -0.0229
v 0.49502 -0.23111 -0.0229
v 0.49502 -0.23111 0.11988
v 0.40752 0.04609 -0.10146
v 0.53485 0.04745 -0.11819
v 0.52783 -0.00508 -0.13585
v 0.40752 -0.00788 -0.12363
v 0.40752 0.07871 0.11984
v 0.53205 0.07803 0.10299
v 0.53365 0.07803 -0.02972
v 0.40752 0.07871 -0.01294
v 0.40752 -0.00788 0.22783
v 0.52472 -0.00508 0.21548
v 0.53086 0.04745 0.19146
v 0.40752 0.04609 0.20835
v 0.71275 0.0496 -0.15587
v 0.85356 0.04332 -0.17497
v 0.70573 0.01134 -0.16
v 0.72709 0.07403 0.05671
v 0.91207 0.06234 -0.00627
v 0.92303 0.06234 -0.12137
v 0.73468 0.07403 -0.07575
v 0.69025 0.01134 0.16367
v 0.83022 0.04332 0.09451
v 0.69638 0.0496 0.15324
v 0.7339 -0.01533 -0.07988
v 0.92303 0.03584 -0.12137
v 0.91207 0.03584 -0.00627
v 0.72721 -0.01533 0.06713
v 0.35127 -0.10082 -0.02405
v 0.37002 -0.18111 -0.0229
v 0.37002 -0.18111 0.11988
v 0.35127 -0.10082 0.12824
v 0.42488 -0.11097 -0.19828
v 0.49016 -0.11097 -0.19828
v 0.49016 -0.17625 -0.19828
v 0.42488 -0.17625 -0.19828
v 0.58217 -0.09599 0.11594
v 0.54502 -0.18111 0.11988
v 0.54502 -0.18111 -0.0229
v 0.58288 -0.09599 -0.03632
v 0.42488 -0.11097 0.2969
v 0.42488 -0.17625 0.2969
v 0.49016 -0.17625 0.2969
v 0.49016 -0.11097 0.2969
v -0.35123 -0.10082 0.12824
v -0.36998 -0.18111 0.11988
v -0.36998 -0.18111 -0.0229
v -0.35123 -0.10082 -0.02405
v -0.42484 -0.11097 0.2969
v -0.49012 -0.11097 0.2969
v -0.49012 -0.17625 0.2969
v -0.42484 -0.17625 0.2969
v -0.58286 -0.09599 -0.03627
v -0.54498 -0.18111 -0.0229
v -0.54498 -0.18111 0.11988
v -0.58217 -0.09599 0.11602
v -0.42484 -0.11097 -0.19828
v -0.42484 -0.17625 -0.19828
v -0.49012 -0.17625 -0.19828
v -0.49012 -0.11097 -0.19828
v -0.50615 -0.04545 0.24196
v -0.49012 -0.06722 0.27918
v -0.42484 -0.06722 0.27918
v -0.41373 -0.04675 0.24557
v -0.54498 -0.18111 0.22865
v -0.53387 -0.17625 0.27918
v -0.53387 -0.11097 0.27918
v -0.55615 -0.09953 0.2309
v -0.41998 -0.23111 0.22865
v -0.42484 -0.22 0.27918
v -0.49012 -0.22 0.27918
v -0.49498 -0.23111 0.22865
v -0.36373 -0.10082 0.2345
v -0.38109 -0.11097 0.27918
v -0.38109 -0.17625 0.27918
v -0.36998 -0.18111 0.22865
v 0.37002 -0.18111 0.22865
v 0.38113 -0.17625 0.27918
v 0.38113 -0.11097 0.27918
v 0.36377 -0.10082 0.2345
v 0.49502 -0.23111 0.22865
v 0.49016 -0.22 0.27918
v 0.42488 -0.22 0.27918
v 0.42002 -0.23111 0.22865
v 0.55618 -0.09953 0.23087
v 0.53391 -0.11097 0.27918
v 0.53391 -0.17625 0.27918
v 0.54502 -0.18111 0.22865
v 0.41377 -0.04675 0.24557
v 0.42488 -0.06722 0.27918
v 0.49016 -0.06722 0.27918
v 0.50618 -0.04545 0.24193
v 0.50689 -0.04545 -0.1495
v 0.49016 -0.06722 -0.181
v 0.42488 -0.06722 -0.181
v 0.41377 -0.04675 -0.14589
v 0.54502 -0.18111 -0.13116
v 0.53391 -0.17625 -0.181
v 0.53391 -0.11097 -0.181
v 0.55689 -0.09953 -0.13843
v 0.42002 -0.23111 -0.13116
v 0.42488 -0.22 -0.181
v 0.49016 -0.22 -0.181
v 0.49502 -0.23111 -0.13116
v 0.36377 -0.10082 -0.13482
v 0.38113 -0.11097 -0.181
v 0.38113 -0.17625 -0.181
v 0.37002 -0.18111 -0.13116
v -0.36998 -0.18111 -0.13116
v -0.38109 -0.17625 -0.181
v -0.38109 -0.11097 -0.181
v -0.36373 -0.10082 -0.13482
v -0.49498 -0.23111 -0.13116
v -0.49012 -0.22 -0.181
v -0.42484 -0.22 -0.181
v -0.41998 -0.23111 -0.13116
v -0.55685 -0.09953 -0.13843
v -0.53387 -0.11097 -0.181
v -0.53387 -0.17625 -0.181
v -0.54498 -0.18111 -0.13116
v -0.41373 -0.04675 -0.14589
v -0.42484 -0.06722 -0.181
v -0.49012 -0.06722 -0.181
v -0.50685 -0.04545 -0.14949
v -0.1151 -0.0149 0.65535
v -0.06981 -0.00179 0.74069
v -0.1151 0.03637 0.65535
v -0.06548 -0.08967 0.65535
v -0.04939 -0.05433 0.74069
v -0.09732 -0.05782 0.65535
v 0.02247 -0.10745 0.65535
v -0.0001 -0.07475 0.74069
v -0.02256 -0.10745 0.65535
v 0.09724 -0.05782 0.65535
v 0.04918 -0.05433 0.74069
v 0.0654 -0.08967 0.65535
v 0.11502 0.03637 0.65535
v 0.0696 -0.00179 0.74069
v 0.11502 -0.0149 0.65535
v 0.0654 0.15837 0.65535
v 0.04918 0.06921 0.74069
v 0.09724 0.09938 0.65535
v -0.02256 0.19623 0.65535
v -0.0001 0.10809 0.74069
v 0.02247 0.19623 0.65535
v -0.09732 0.09938 0.65535
v -0.04939 0.06921 0.74069
v -0.06548 0.15837 0.65535
vn -0.8733343 0.4810374 0.0767475
vn -0.8215677 0.5694449 -0.0275499
vn -0.7552672 0.6327157 0.1710037
vn -0.9459000 0.3031356 0.1156807
vn -0.9331308 0.2632685 0.2448603
vn -0.8512579 0.4497376 0.2703629
vn -0.6182996 0.7008728 0.3556444
vn -0.6551154 0.7524456 0.0681871
vn -0.6219682 0.7763073 -0.1024821
vn 0.0000000 0.9967806 0.0801769
vn 0.0000000 0.9887258 -0.1497375
vn 0.0000000 0.9127980 0.4084114
vn 0.6181720 0.7007620 0.3560842
vn 0.6551269 0.7524248 0.0683051
vn 0.6218998 0.7763613 -0.1024878
vn 0.8732979 0.4810716 0.0769475
vn 0.8215936 0.5694078 -0.0275448
vn 0.8511185 0.4496639 0.2709237
vn 0.9329571 0.2632553 0.2455355
vn 0.9458777 0.3031326 0.1158706
vn 0.7552575 0.6327274 0.1710034
vn 0.9895199 0.0000000 0.1443964
vn 0.8982023 0.0000000 0.4395822
vn 0.9767420 0.0000000 0.2144180
vn 0.9064453 -0.3755094 0.1932603
vn 0.9011650 -0.4210481 0.1030539
vn 0.6281141 -0.7556333 0.1857172
vn 0.6890952 -0.7227612 0.0525751
vn 0.6208713 -0.7837337 0.0167404
vn 0.6981192 -0.6980760 0.1591210
vn 0.3784003 -0.9134676 0.1496337
vn 0.3823999 -0.9232563 0.0369887
vn 0.3825765 -0.9239238 0.0000000
vn 0.0000000 -0.9993270 0.0366812
vn 0.0000000 -1.0000000 0.0000000
vn 0.0000000 -0.9907714 0.1355434
vn -0.3784330 -0.9135026 0.1493368
vn -0.3823861 -0.9232648 0.0369185
vn -0.3826351 -0.9238995 0.0000000
vn -0.6891415 -0.7227283 0.0524196
vn -0.6208344 -0.7837630 0.0167394
vn -0.6981744 -0.6981311 0.1586365
vn -0.9065846 -0.3755160 0.1925930
vn -0.9011837 -0.4210512 0.1028774
vn -0.6281258 -0.7556237 0.1857168
vn -0.9895444 -0.0000000 0.1442283
vn -0.8982219 0.0000000 0.4395423
vn -0.9768958 0.0000000 0.2137161
vn -0.7244829 0.6870584 -0.0554547
vn -0.5388543 0.8326237 -0.1279604
vn -0.4428418 0.8965631 -0.0081106
vn -0.6877111 0.7259160 0.0099697
vn -0.6721801 0.7298290 -0.1245938
vn -0.4853885 0.8742055 -0.0127583
vn -0.0000000 0.9841144 -0.1775354
vn 0.5387858 0.8326673 -0.1279650
vn 0.4427779 0.8965947 -0.0081095
vn 0.0000000 0.9996842 -0.0251310
vn 0.7245147 0.6870253 -0.0554494
vn 0.4854109 0.8741930 -0.0127608
vn 0.6721699 0.7298382 -0.1245944
vn 0.6877465 0.7258825 0.0099696
vn 0.5616774 -0.8270804 -0.0213655
vn 0.3824873 -0.9236059 -0.0256064
vn 0.3809781 -0.9199667 -0.0922877
vn 0.6060169 -0.7900102 -0.0928839
vn 0.5435966 -0.8036191 -0.2422788
vn 0.3295518 -0.9440047 -0.0158336
vn -0.0000000 -0.9996155 -0.0277283
vn -0.3825459 -0.9235816 -0.0256058
vn -0.3810366 -0.9199427 -0.0922853
vn 0.0000000 -0.9950048 -0.0998273
vn -0.5616420 -0.8271045 -0.0213663
vn -0.3295341 -0.9440109 -0.0158330
vn -0.5436071 -0.8036125 -0.2422774
vn -0.6059795 -0.7900387 -0.0928859
vn 0.0000000 0.9801819 0.1980997
vn 0.4654367 0.8742276 0.1381840
vn 0.8419361 0.5294315 0.1041435
vn -0.0000000 0.8838584 0.4677545
vn -0.8419260 0.5294520 0.1041208
vn -0.4654368 0.8742289 0.1381754
vn 0.6954754 0.7149341 0.0719942
vn 0.8668533 0.4929697 0.0744728
vn 0.4571152 0.8720406 0.1749025
vn 0.6892275 0.7241456 -0.0240523
vn 0.9994402 -0.0000000 0.0334568
vn 0.8866106 0.0000000 -0.4625166
vn 0.8615957 -0.4993811 -0.0909471
vn 0.5546621 -0.8291311 -0.0699397
vn 0.9117686 -0.0000000 0.4107042
vn 0.6526517 -0.7414748 -0.1557591
vn 0.3762704 -0.9084779 -0.1819024
vn 0.3637096 -0.8782261 -0.3105387
vn 0.5426391 -0.7969324 -0.2654082
vn -0.0000000 -0.9809205 -0.1944093
vn -0.3763296 -0.9084540 -0.1818991
vn -0.3637446 -0.8782079 -0.3105491
vn 0.0000000 -0.9496405 -0.3133414
vn -0.6526127 -0.7415080 -0.1557645
vn -0.8615626 -0.4994362 -0.0909582
vn -0.5546577 -0.8291355 -0.0699228
vn -0.5426212 -0.7969461 -0.2654039
vn -0.9994402 0.0000000 0.0334568
vn -0.8866310 0.0000000 -0.4624774
vn -0.8668211 0.4930246 0.0744843
vn -0.4571094 0.8720410 0.1749158
vn -0.9117741 0.0000000 0.4106921
vn -0.6954947 0.7149167 0.0719817
vn -0.6892619 0.7241135 -0.0240349
vn 0.6577555 0.7089187 -0.2545427
vn 0.1400913 0.9772334 -0.1593399
vn 0.0000000 -0.1925146 -0.9812941
vn 0.9512033 0.1818041 -0.2493182
vn 0.3496418 -0.8216132 -0.4502248
vn 0.2561619 -0.7976647 -0.5459965
vn 0.1684313 -0.9108730 -0.3767508
vn -0.0000000 -0.8539712 -0.5203203
vn -0.2561725 -0.7976658 -0.5459899
vn -0.3496580 -0.8215946 -0.4502461
vn -0.1684307 -0.9108749 -0.3767465
vn -0.6578395 0.7088353 -0.2545578
vn -0.9511985 0.1818554 -0.2492990
vn -0.1400902 0.9772353 -0.1593298
vn 0.9864029 0.0772774 -0.1450430
vn 0.0000000 -0.2266503 -0.9739762
vn -0.0000000 0.1018866 -0.9947960
vn 0.0000000 0.9997049 -0.0242909
vn 0.0000000 0.9035788 0.4284220
vn 0.9178979 0.3619638 0.1626213
vn -0.9863970 0.0772820 -0.1450807
vn -0.9179114 0.3619372 0.1626043
vn 0.0000000 0.7532643 0.6577180
vn -0.1058575 0.9943813 0.0000508
vn -0.0614564 0.9409612 -0.3328891
vn 0.0692304 0.9360665 -0.3449445
vn -0.0000000 1.0000000 0.0000000
vn -0.0692428 0.9360625 0.3449528
vn -0.2547329 0.9077195 0.3334014
vn 0.0743231 0.0629352 -0.9952463
vn 0.1445095 -0.9172973 -0.3710561
vn 0.7896105 -0.2728991 -0.5495829
vn 0.2380211 0.2682317 -0.9334869
vn 0.0692295 -0.9975922 -0.0041239
vn -0.1228604 -0.9244820 0.3608854
vn 0.6540184 -0.4213921 0.6282425
vn 0.7304845 -0.6829293 -0.0000000
vn -0.4722567 0.0374987 0.8806631
vn -0.1412191 0.2176577 0.9657548
vn 0.4722764 0.0374989 0.8806525
vn 0.1228683 -0.9244846 0.3608762
vn -0.6540193 -0.4213895 0.6282433
vn 0.1412191 0.2176577 0.9657548
vn 0.0692428 0.9360625 0.3449528
vn 0.2547482 0.9077203 0.3333874
vn -0.0692255 -0.9975925 -0.0041237
vn -0.1445211 -0.9172966 -0.3710535
vn -0.7896074 -0.2729125 -0.5495807
vn -0.7304845 -0.6829293 0.0000000
vn -0.0743270 0.0629363 -0.9952460
vn 0.0614613 0.9409634 -0.3328821
vn -0.0692304 0.9360665 -0.3449445
vn -0.2380211 0.2682317 -0.9334869
vn 0.1058575 0.9943813 0.0000508
vn 0.0000000 1.0000000 0.0000000
vn 0.7009358 0.0000000 0.7132244
vn 0.4152526 -0.9037109 0.1042685
vn 0.8505178 0.0000000 0.5259463
vn 0.2430711 0.9365655 0.2525103
vn 0.1446806 -0.9654240 -0.2168500
vn -0.0966673 0.0000000 -0.9953168
vn 0.1942538 -0.0000000 -0.9809513
vn 0.9991023 0.0000000 0.0423636
vn 0.0234281 0.9964184 -0.0812494
vn -0.7010001 0.0000000 0.7131612
vn -0.2430911 0.9365555 0.2525284
vn -0.8504900 0.0000000 0.5259913
vn -0.4152828 -0.9036927 0.1043056
vn -0.0234277 0.9964183 -0.0812508
vn 0.0966725 0.0000000 -0.9953162
vn -0.1942538 0.0000000 -0.9809513
vn -0.9991080 0.0000000 0.0422278
vn -0.1446776 -0.9654216 -0.2168628
vn 0.1171204 0.3872065 -0.9145239
vn 0.0785859 0.4124380 -0.9075897
vn -0.3752201 -0.6940382 -0.6144272
vn 0.1724663 0.2331443 -0.9570262
vn 0.0550876 0.9527681 -0.2986609
vn 0.0447349 0.9399520 -0.3383624
vn 0.0000000 -1.0000000 0.0000000
vn 0.0000000 -1.0000000 0.0000000
vn 0.7071068 -0.7071068 0.0000000
vn 0.7071068 -0.7071068 0.0000000
vn 0.7071068 -0.7071068 0.0000000
vn 0.0000000 -1.0000000 0.0000000
vn -0.7071068 -0.7071068 0.0000000
vn -0.7071068 -0.7071068 0.0000000
vn -0.7071068 -0.7071068 0.0000000
vn -0.1064028 0.4012552 0.9097652
vn -0.0449637 0.9401710 0.3377229
vn -0.0780810 0.9527145 0.2936639
vn -0.2275078 0.3092663 0.9233605
vn -0.6250895 -0.5132442 0.5880846
vn -0.0621576 0.4618245 0.8847907
vn -0.0061676 0.9999810 -0.0001510
vn -0.0204412 0.9997910 0.0002904
vn -0.2745233 -0.9613939 0.0189385
vn -0.4740166 -0.8804715 0.0088403
vn -0.3832507 -0.8524918 0.3554951
vn -0.7410840 0.0000000 0.6714123
vn -0.9955954 0.0000000 0.0937536
vn -0.5192363 0.0000000 -0.8546307
vn -0.1822467 -0.9242727 -0.3354195
vn -0.4134065 0.1367076 0.9002256
vn -0.1667754 0.9416094 0.2925023
vn -0.0649297 0.9978783 0.0048013
vn 0.0018669 0.9563080 -0.2923551
vn 0.1085890 0.0970572 -0.9893373
vn 0.0000000 -1.0000000 0.0000000
vn 0.0000000 -1.0000000 0.0000000
vn -0.7071068 -0.7071068 0.0000000
vn -0.7071068 -0.7071068 0.0000000
vn -0.7071068 -0.7071068 0.0000000
vn 0.0000000 -1.0000000 0.0000000
vn 0.7071068 -0.7071068 0.0000000
vn 0.7071068 -0.7071068 0.0000000
vn 0.7071068 -0.7071068 0.0000000
vn -0.1171900 0.3871922 -0.9145210
vn -0.0448266 0.9399196 -0.3384402
vn -0.0553787 0.9526093 -0.2991133
vn -0.1726511 0.2331508 -0.9569913
vn 0.3750594 -0.6936996 -0.6149075
vn -0.0786650 0.4124601 -0.9075728
vn 0.0061758 0.9999809 -0.0001540
vn 0.0453713 0.9401350 0.3377687
vn 0.0790903 0.9525148 0.2940412
vn 0.0204800 0.9997902 0.0002968
vn 0.1075515 0.4013368 0.9095941
vn 0.0628162 0.4623784 0.8844548
vn 0.6270669 -0.5107313 0.5881672
vn 0.2304533 0.3095763 0.9225258
vn -0.1095685 0.0971410 -0.9892211
vn -0.0024639 0.9560297 -0.2932594
vn 0.5169023 0.0000000 -0.8560444
vn 0.1817949 -0.9241005 -0.3361382
vn 0.0650612 0.9978691 0.0049272
vn 0.1681870 0.9410460 0.2935055
vn 0.7408895 0.0000000 0.6716270
vn 0.9953731 0.0000000 0.0960856
vn 0.4162951 0.1371237 0.8988300
vn 0.3851899 -0.8510475 0.3568569
vn 0.2750489 -0.9612341 0.0194168
vn 0.4746227 -0.8801430 0.0090395
vn -0.9684336 -0.2492716 0.0000000
vn -0.9861421 -0.1598540 -0.0443891
vn -0.9854338 -0.1640077 0.0449627
vn -0.0000000 0.0000000 -1.0000000
vn -0.3673340 0.0000000 -0.9300891
vn -0.3448004 0.3447424 -0.8730781
vn 0.0000000 0.3672976 -0.9301035
vn 0.3447493 0.3447493 -0.8730956
vn 0.3672976 0.0000000 -0.9301035
vn 0.3447424 -0.3448004 -0.8730781
vn -0.0000000 -0.3673340 -0.9300891
vn -0.3447935 -0.3447935 -0.8730606
vn 0.8980711 -0.4398471 0.0016817
vn 0.9560551 -0.2804980 0.0853206
vn 0.9485538 -0.3039785 -0.0885598
vn 0.0000000 0.0000000 1.0000000
vn 0.0000000 0.3753346 0.9268894
vn -0.3514495 0.3513903 0.8677604
vn -0.3753715 -0.0000000 0.9268744
vn -0.3514422 -0.3514422 0.8677423
vn -0.0000000 -0.3753715 0.9268744
vn 0.3513903 -0.3514495 0.8677604
vn 0.3753346 -0.0000000 0.9268894
vn 0.3513976 0.3513976 0.8677784
vn 0.9684182 -0.2493314 0.0000000
vn 0.9854338 -0.1640077 0.0449627
vn 0.9861421 -0.1598540 -0.0443891
vn -0.0000000 0.0000000 1.0000000
vn 0.3753346 -0.0000000 0.9268894
vn 0.3513976 0.3513976 0.8677784
vn 0.0000000 0.3753346 0.9268894
vn -0.3514495 0.3513903 0.8677604
vn -0.3753715 0.0000000 0.9268744
vn -0.3514422 -0.3514422 0.8677423
vn -0.0000000 -0.3753715 0.9268744
vn 0.3513903 -0.3514495 0.8677604
vn -0.8979146 -0.4401666 0.0016496
vn -0.9485243 -0.3040621 -0.0885884
vn -0.9559557 -0.2808161 0.0853869
vn 0.0000000 0.0000000 -1.0000000
vn 0.0000000 0.3672976 -0.9301035
vn 0.3447493 0.3447493 -0.8730956
vn 0.3672976 0.0000000 -0.9301035
vn 0.3447424 -0.3448004 -0.8730781
vn -0.0000000 -0.3673340 -0.9300891
vn -0.3447935 -0.3447935 -0.8730606
vn -0.3673340 0.0000000 -0.9300891
vn -0.3448004 0.3447424 -0.8730781
vn -0.0066945 0.8416318 0.5400102
vn -0.6289003 0.5334486 0.5656120
vn 0.6453523 0.5557945 0.5240352
vn -0.9524530 -0.0656402 0.2975308
vn -0.6871429 -0.6871429 0.2359432
vn 0.0000000 -0.9751877 0.2213794
vn 0.6871897 -0.6871175 0.2358809
vn 0.9608420 -0.0455631 0.2733252
vn -0.9608183 -0.0455027 0.2734184
vn -0.6871429 -0.6871429 0.2359432
vn -0.6453826 0.5557669 0.5240271
vn 0.0000000 -0.9751877 0.2213794
vn 0.6871897 -0.6871175 0.2358809
vn 0.9525162 -0.0655407 0.2973506
vn 0.6291496 0.5337538 0.5650466
vn 0.0067988 0.8417227 0.5398673
vn -0.0174979 0.8283520 -0.5599346
vn 0.5903470 0.4873983 -0.6433765
vn -0.6531589 0.5653281 -0.5037734
vn 0.9454620 -0.0797257 -0.3158251
vn 0.6866632 -0.6865911 -0.2389275
vn -0.0000000 -0.9745193 -0.2243035
vn -0.6866162 -0.6866162 -0.2389905
vn -0.9611210 -0.0415801 -0.2729790
vn 0.9611447 -0.0416422 -0.2728859
vn 0.6866632 -0.6865911 -0.2389275
vn 0.6531286 0.5653558 -0.5037815
vn -0.0000000 -0.9745193 -0.2243035
vn -0.6866162 -0.6866162 -0.2389905
vn -0.9454361 -0.0797236 -0.3159030
vn -0.5903403 0.4874643 -0.6433326
vn 0.0174718 0.8283690 -0.5599103
vn -0.8892248 -0.0000000 0.4574704
vn -0.8129609 -0.3270957 0.4817707
vn -0.0000000 -0.0000000 1.0000000
vn -0.8077775 0.2298995 0.5428091
vn -0.6540115 -0.6537471 0.3806358
vn -0.3475285 -0.8389310 0.4188303
vn 0.0000000 -0.9380226 0.3465742
vn 0.3474581 -0.8387542 0.4192425
vn 0.6536957 -0.6535999 0.3814302
vn 0.8124855 -0.3268226 0.4827570
vn 0.8886869 0.0000000 0.4585146
vn 0.8072437 0.2296901 0.5436911
vn 0.7379477 0.4044577 0.5402287
vn 0.4656143 0.5542769 0.6899133
vn 0.0000000 0.7017230 0.7124499
vn -0.4658262 0.5545337 0.6895638
vn -0.7384305 0.4046180 0.5394484
vn -0.8585038 0.5127618 0.0068148
vn -0.8219892 0.5692501 0.0169716
vn -0.9250471 0.3534360 0.1391792
vn -0.9175832 0.3862808 0.0939583
vn -0.9507007 0.2682259 0.1556375
vn -0.8975029 0.3578982 0.2576768
vn -0.8743153 0.4573185 0.1625808
vn -0.7721201 0.5550188 0.3094910
vn -0.6479254 0.7344561 0.2019082
vn -0.8077555 0.5857010 0.0669729
vn -0.6484898 0.7603266 -0.0369378
vn -0.7717696 0.6321406 -0.0690645
vn 0.0000000 0.9982128 -0.0597600
vn -0.3517884 0.9258659 -0.1379033
vn -0.3740041 0.9243219 0.0758288
vn -0.3481959 0.8474902 0.4006494
vn 0.0000000 0.9696612 0.2444530
vn 0.3481641 0.8473937 0.4008811
vn 0.6478894 0.7344154 0.2021714
vn 0.3740024 0.9243165 0.0759024
vn 0.6484223 0.7603840 -0.0369412
vn 0.3517884 0.9258659 -0.1379033
vn 0.8585038 0.5127618 0.0068148
vn 0.7717696 0.6321406 -0.0690645
vn 0.8077435 0.5856932 0.0671851
vn 0.7720476 0.5548522 0.3099702
vn 0.8742543 0.4572866 0.1629979
vn 0.8973131 0.3579316 0.2582909
vn 0.9506075 0.2683236 0.1560381
vn 0.9175626 0.3862717 0.0941966
vn 0.9250846 0.3533350 0.1391867
vn 0.8219892 0.5692501 0.0169716
vn 0.9729987 0.0000000 0.2308108
vn 0.8243717 0.4149827 0.3849684
vn 0.9760067 0.1659599 0.1409548
vn 0.9613225 0.1466508 0.2331362
vn 0.9884558 0.0000000 0.1515094
vn 0.9615089 -0.1803858 0.2072720
vn 0.9166279 -0.3798211 0.1246167
vn 0.9708422 -0.1992005 0.1333585
vn 0.8670121 -0.4779645 0.1408547
vn 0.8004986 -0.4596509 0.3846078
vn 0.6630684 -0.7482779 0.0205073
vn 0.6478414 -0.7605662 0.0429023
vn 0.8095847 -0.5823534 0.0737371
vn 0.8159231 -0.5502724 0.1773974
vn 0.7038778 -0.7038778 0.0954569
vn 0.5515202 -0.8195562 0.1554128
vn 0.3814604 -0.9205841 0.0837431
vn 0.5574011 -0.8292702 0.0401865
vn 0.3825619 -0.9238886 0.0087387
vn 0.5371362 -0.8434956 0.0000000
vn -0.0000000 -0.9999584 0.0091222
vn 0.1911135 -0.9815680 0.0000000
vn 0.1890999 -0.9812744 0.0366304
vn 0.1904435 -0.9712280 0.1429946
vn 0.0000000 -0.9968489 0.0793234
vn -0.1904434 -0.9712499 0.1428461
vn -0.3814656 -0.9205965 0.0835826
vn -0.1890999 -0.9812758 0.0365930
vn -0.3826205 -0.9238643 0.0087388
vn -0.1911135 -0.9815680 0.0000000
vn -0.6630684 -0.7482779 0.0205073
vn -0.5371362 -0.8434956 0.0000000
vn -0.5574050 -0.8292747 0.0400397
vn -0.5514760 -0.8196596 0.1550237
vn -0.7039010 -0.7039010 0.0951151
vn -0.8160837 -0.5502130 0.1768417
vn -0.9167334 -0.3796892 0.1242419
vn -0.8095970 -0.5823629 0.0735261
vn -0.8669472 -0.4780846 0.1408459
vn -0.6478414 -0.7605662 0.0429023
vn -0.9729987 0.0000000 0.2308108
vn -0.8005389 -0.4596262 0.3845534
vn -0.9708611 -0.1991969 0.1332264
vn -0.9616646 -0.1803937 0.2065414
vn -0.9885193 0.0000000 0.1510946
vn -0.9614966 0.1466600 0.2324114
vn -0.9760263 0.1659571 0.1408220
vn -0.8244102 0.4149589 0.3849115
vn -0.7718937 0.6335200 -0.0532216
vn -0.5873069 0.7979807 -0.1352676
vn -0.6839846 0.7240917 -0.0886354
vn -0.4870478 0.8689146 -0.0881581
vn -0.6006551 0.7994694 0.0078775
vn -0.6883634 0.7245623 -0.0341375
vn -0.7140525 0.7000777 0.0044975
vn -0.4524894 0.8884379 -0.0770159
vn -0.6535134 0.7562907 -0.0307360
vn -0.5467209 0.8333641 0.0812439
vn 0.0000000 0.9813823 -0.1920645
vn 0.5872378 0.7980302 -0.1352760
vn 0.2870944 0.9432420 -0.1669473
vn 0.4869811 0.8689516 -0.0881619
vn 0.2231211 0.9745309 -0.0225043
vn 0.0000000 0.9922486 -0.1242686
vn -0.2231211 0.9745309 -0.0225043
vn -0.2870944 0.9432420 -0.1669473
vn 0.7718968 0.6335200 -0.0531766
vn 0.5467813 0.8333216 0.0812730
vn 0.6535134 0.7562907 -0.0307360
vn 0.4525359 0.8884121 -0.0770401
vn 0.7140525 0.7000777 0.0044975
vn 0.6883613 0.7245625 -0.0341743
vn 0.6006551 0.7994694 0.0078775
vn 0.6839160 0.7241556 -0.0886432
vn 0.5778293 -0.8161545 0.0022630
vn 0.3825679 -0.9239031 -0.0066989
vn 0.5173965 -0.8554161 -0.0237523
vn 0.3821426 -0.9224759 -0.0548205
vn 0.5309628 -0.8431643 -0.0845721
vn 0.5655091 -0.8228999 -0.0550930
vn 0.6077666 -0.7856476 -0.1156614
vn 0.3072009 -0.9431220 -0.1270764
vn 0.4843085 -0.8746703 -0.0199278
vn 0.3770974 -0.9222234 0.0854488
vn -0.0000000 -0.9999737 -0.0072504
vn -0.3826265 -0.9238788 -0.0066987
vn -0.1910428 -0.9812050 -0.0271902
vn -0.3822012 -0.9224517 -0.0548190
vn -0.1901930 -0.9768402 -0.0980295
vn 0.0000000 -0.9982388 -0.0593229
vn 0.1901930 -0.9768402 -0.0980295
vn 0.1910428 -0.9812050 -0.0271902
vn -0.5778279 -0.8161556 0.0022294
vn -0.3770459 -0.9222464 0.0854279
vn -0.4843085 -0.8746703 -0.0199278
vn -0.3071650 -0.9431359 -0.1270603
vn -0.6077666 -0.7856476 -0.1156614
vn -0.5655113 -0.8229004 -0.0550629
vn -0.5309628 -0.8431643 -0.0845721
vn -0.5174679 -0.8553729 -0.0237511
vn 0.0000000 0.9962011 0.0870827
vn 0.4041110 0.9115003 0.0765606
vn 0.2303269 0.9551544 0.1860901
vn 0.5692682 0.8021270 0.1803494
vn 0.5821544 0.7262017 0.3656875
vn 0.0000000 0.9434736 0.3314478
vn -0.5821615 0.7261825 0.3657143
vn -0.5691941 0.8021761 0.1803648
vn -0.2303271 0.9551565 0.1860793
vn -0.4041717 0.9114736 0.0765580
vn 0.6912750 0.7203151 0.0573152
vn 0.8870416 0.4607253 -0.0298216
vn 0.7859547 0.6148591 0.0649883
vn 0.7870019 0.5933588 0.1689772
vn 0.5029892 0.8640949 0.0184865
vn 0.6960649 0.7169356 0.0386898
vn 0.8332660 0.5515183 -0.0386699
vn 0.5978955 0.7960350 0.0940707
vn 0.9888597 0.0000000 -0.1488508
vn 0.6972425 -0.5495412 -0.4602796
vn 0.8535255 -0.4914913 -0.1730045
vn 0.9700764 -0.2420503 -0.0190659
vn 0.8160720 -0.5769898 -0.0333056
vn 0.7659861 -0.6094746 0.2044650
vn 0.9767908 0.0000000 0.2141956
vn 0.6663715 0.6223044 0.4107144
vn 0.9685005 0.2394285 0.0684160
vn 0.8090323 0.4970680 -0.3136720
vn 0.6493423 -0.7509651 -0.1200246
vn 0.3791197 -0.9155756 -0.1341251
vn 0.5456934 -0.8206214 -0.1697036
vn 0.3715569 -0.8972704 -0.2384352
vn 0.4971963 -0.8139845 -0.3003749
vn 0.6204218 -0.7568222 -0.2056624
vn 0.5162438 -0.8242416 -0.2326331
vn 0.7732308 -0.6207661 -0.1294743
vn 0.0000000 -0.9894431 -0.1449221
vn -0.3791779 -0.9155520 -0.1341219
vn -0.1850546 -0.9638967 -0.1914628
vn -0.3716180 -0.8972461 -0.2384315
vn -0.1792369 -0.9314417 -0.3166869
vn -0.0000000 -0.9683373 -0.2496454
vn 0.1792373 -0.9314452 -0.3166762
vn 0.1850546 -0.9638967 -0.1914628
vn -0.6493423 -0.7509651 -0.1200246
vn -0.8534434 -0.4916146 -0.1730591
vn -0.7733096 -0.6206715 -0.1294575
vn -0.8160000 -0.5770922 -0.0332969
vn -0.5161936 -0.8242721 -0.2326363
vn -0.6204152 -0.7568188 -0.2056946
vn -0.4972799 -0.8139467 -0.3003390
vn -0.5456934 -0.8206214 -0.1697036
vn -0.9888597 0.0000000 -0.1488508
vn -0.8090732 0.4970340 -0.3136206
vn -0.8869757 0.4608510 -0.0298414
vn -0.9684605 0.2395831 0.0684410
vn -0.7869204 0.5934551 0.1690188
vn -0.6664337 0.6222243 0.4107347
vn -0.9768026 0.0000000 0.2141417
vn -0.7660432 -0.6093848 0.2045189
vn -0.9700367 -0.2422067 -0.0190973
vn -0.6972934 -0.5495160 -0.4602327
vn -0.6912750 0.7203151 0.0573152
vn -0.5978934 0.7960332 0.0940994
vn -0.8332660 0.5515183 -0.0386699
vn -0.6961371 0.7168661 0.0386789
vn -0.5029892 0.8640949 0.0184865
vn -0.7860312 0.6147627 0.0649751
vn 0.6749263 0.7276913 -0.1222284
vn 0.1893616 0.9818974 0.0044301
vn 0.3745578 0.9089503 -0.1830731
vn 0.0663420 0.9097475 -0.4098270
vn 0.8584070 0.0385774 -0.5115165
vn 0.8667105 0.4347037 -0.2446334
vn 0.9621285 0.2536667 -0.0998100
vn 0.4319902 -0.8318562 -0.3484246
vn 0.3457593 -0.8346451 -0.4287400
vn 0.3141883 -0.8095128 -0.4959584
vn 0.1500479 -0.7290691 -0.6677902
vn 0.0230990 -0.8303990 -0.5566902
vn 0.2505959 -0.8678115 -0.4290744
vn 0.2857203 -0.9278800 -0.2395884
vn 0.0000000 -0.9146890 -0.4041585
vn -0.3456900 -0.8346721 -0.4287433
vn -0.1628004 -0.8180459 -0.5516312
vn -0.1500479 -0.7290691 -0.6677902
vn 0.1627895 -0.8180401 -0.5516430
vn -0.4320520 -0.8318243 -0.3484243
vn -0.2856893 -0.9278856 -0.2396036
vn -0.2506134 -0.8678148 -0.4290575
vn -0.0230998 -0.8303996 -0.5566892
vn -0.3142499 -0.8094941 -0.4959500
vn -0.6749973 0.7276240 -0.1222370
vn -0.9621167 0.2536817 -0.0998848
vn -0.8666566 0.4347898 -0.2446714
vn -0.8584032 0.0386551 -0.5115171
vn -0.0663442 0.9097490 -0.4098233
vn -0.3746161 0.9089273 -0.1830684
vn -0.1893407 0.9819015 0.0044211
vn 0.9757801 0.0695416 -0.2074058
vn -0.0000000 -0.1972537 -0.9803525
vn 0.9565674 -0.0260415 -0.2903457
vn -0.0000000 -0.1363049 -0.9906669
vn 0.0000000 0.6064222 -0.7951428
vn 0.9849045 0.1641181 -0.0550304
vn -0.0000000 0.9417229 0.3363897
vn 0.7781846 0.5523337 0.2989250
vn 0.9786048 0.2054889 -0.0103433
vn 0.9140877 0.3823150 0.1351993
vn -0.9757877 0.0694832 -0.2073897
vn -0.9140933 0.3823258 0.1351307
vn -0.9785881 0.2055738 -0.0102393
vn -0.7784314 0.5520804 0.2987502
vn -0.9849014 0.1641841 -0.0548884
vn -0.9565718 -0.0260969 -0.2903263
vn -0.0000000 0.7921200 0.6103654
vn 0.5976815 0.6430733 0.4787834
vn -0.5978374 0.6430037 0.4786823
vn -0.2421379 0.9702418 0.0001871
vn -0.3307540 0.8965331 -0.2946697
vn -0.0767711 0.9889409 -0.1268938
vn 0.0556031 0.9368662 -0.3452392
vn 0.0266475 0.9907882 -0.1327726
vn -0.0237569 0.9997178 0.0000000
vn -0.0266453 0.9907897 0.1327619
vn -0.1330520 0.9299752 0.3426999
vn -0.1554247 0.9795844 0.1275051
vn -0.4726819 0.8285428 0.3001477
vn -0.4100046 0.0000000 -0.9120834
vn -0.1424292 -0.9291020 -0.3412966
vn 0.1488033 -0.6511049 -0.7442580
vn 0.4222874 -0.8186006 -0.3893153
vn 0.3166517 -0.1100574 -0.9421354
vn 0.2374176 0.1533831 -0.9592218
vn 0.1381703 0.7120088 -0.6884421
vn -0.0232148 0.7050751 -0.7087525
vn -0.1174840 -0.9930229 -0.0101518
vn -0.3771945 -0.8742190 0.3057213
vn 0.0052545 -0.9914136 0.1306574
vn 0.1726974 -0.8972940 0.4062499
vn 0.6798062 -0.6998262 0.2193328
vn 0.3360230 -0.9418538 0.0000000
vn 0.7598120 -0.6162319 -0.2072291
vn 0.1160216 -0.9839277 -0.1357397
vn -0.6935917 0.0000000 0.7203683
vn -0.3993232 0.6364193 0.6599329
vn -0.1397393 0.7043994 0.6959127
vn -0.2928457 0.1033862 0.9505539
vn -0.0621261 -0.2722527 0.9602181
vn -0.3301876 -0.6303475 0.7025939
vn 0.6935436 0.0000000 0.7204147
vn 0.3771720 -0.8742393 0.3056908
vn 0.3302041 -0.6303821 0.7025551
vn -0.1726974 -0.8972940 0.4062499
vn 0.0621261 -0.2722527 0.9602181
vn 0.2928732 0.1033853 0.9505455
vn 0.1397393 0.7043994 0.6959127
vn 0.1330520 0.9299752 0.3426999
vn 0.3993421 0.6364580 0.6598841
vn 0.4726574 0.8285702 0.3001106
vn 0.1174979 -0.9930212 -0.0101518
vn 0.1424262 -0.9291069 -0.3412845
vn -0.1160216 -0.9839277 -0.1357397
vn -0.4222874 -0.8186006 -0.3893153
vn -0.7598120 -0.6162319 -0.2072291
vn -0.3360230 -0.9418538 0.0000000
vn -0.6798062 -0.6998262 0.2193328
vn -0.0052545 -0.9914136 0.1306574
vn 0.4099590 0.0000000 -0.9121039
vn 0.3307484 0.8965444 -0.2946414
vn 0.0232177 0.7050776 -0.7087499
vn -0.0556031 0.9368662 -0.3452392
vn -0.1381703 0.7120088 -0.6884421
vn -0.2374406 0.1533822 -0.9592163
vn -0.3166517 -0.1100574 -0.9421354
vn -0.1488203 -0.6510856 -0.7442715
vn 0.2421646 0.9702352 0.0001871
vn 0.1554247 0.9795844 0.1275051
vn 0.0266453 0.9907897 0.1327619
vn 0.0237569 0.9997178 0.0000000
vn -0.0266475 0.9907882 -0.1327726
vn 0.0767711 0.9889409 -0.1268938
vn 0.7783519 0.0000000 0.6278282
vn 0.4463330 -0.8939861 0.0396952
vn 0.6602181 -0.5839326 0.4723715
vn 0.5694145 -0.7644879 0.3022010
vn 0.4329245 0.8084477 0.3987339
vn 0.5339712 0.6125565 0.5827944
vn 0.2702126 0.9337381 0.2347730
vn 0.1264813 -0.9427984 -0.3084374
vn -0.0788797 0.0000000 -0.9968841
vn 0.0481191 -0.9359026 -0.3489568
vn -0.0192684 -0.0000000 -0.9998143
vn 0.6305628 0.0000000 -0.7761382
vn 0.2316860 -0.9703963 -0.0682106
vn 0.8999458 0.0000000 0.4360017
vn 0.2751566 -0.9587975 -0.0706844
vn 0.0303197 0.9928512 -0.1154434
vn 0.1093502 0.9918819 0.0649062
vn 0.0796695 0.9964547 -0.0270323
vn -0.0341641 0.9655298 -0.2580405
vn -0.7783088 -0.0000000 0.6278816
vn -0.2702126 0.9337381 0.2347730
vn -0.5340421 0.6124910 0.5827983
vn -0.4330678 0.8083181 0.3988410
vn -0.5695648 -0.7643140 0.3023573
vn -0.6602818 -0.5838490 0.4723857
vn -0.4463330 -0.8939861 0.0396952
vn -0.0303180 0.9928514 -0.1154426
vn 0.0788797 0.0000000 -0.9968841
vn 0.0341660 0.9655300 -0.2580399
vn 0.0192684 -0.0000000 -0.9998143
vn -0.6305628 0.0000000 -0.7761382
vn -0.0796657 0.9964547 -0.0270449
vn -0.8998964 0.0000000 0.4361037
vn -0.1093502 0.9918819 0.0649062
vn -0.1264747 -0.9428002 -0.3084347
vn -0.2751566 -0.9587975 -0.0706844
vn -0.2316750 -0.9703963 -0.0682470
vn -0.0481217 -0.9359022 -0.3489577
vn 0.1446115 0.3759798 -0.9152741
vn 0.3765291 0.4140507 -0.8287267
vn 0.1035513 0.2411769 -0.9649408
vn -0.1477343 0.2472043 -0.9576349
vn 0.0984065 -0.3181615 -0.9429154
vn 0.1419677 0.3324529 -0.9323735
vn 0.1456470 0.7495905 -0.6456787
vn 0.0514783 0.9437256 -0.3266986
vn 0.0949861 0.7426077 -0.6629566
vn 0.0459803 0.9373254 -0.3454084
vn -0.0000000 -1.0000000 0.0000000
vn 0.3417431 -0.9397934 0.0000000
vn 0.7071068 -0.7071068 0.0000000
vn 0.3417431 -0.9397934 0.0000000
vn 0.7071068 -0.7071068 0.0000000
vn 0.3417431 -0.9397934 0.0000000
vn 0.0000000 -1.0000000 0.0000000
vn -0.3417431 -0.9397934 0.0000000
vn -0.7071068 -0.7071068 0.0000000
vn -0.3417431 -0.9397934 0.0000000
vn -0.7071068 -0.7071068 0.0000000
vn -0.3417431 -0.9397934 0.0000000
vn -0.0934820 0.3380164 0.9364860
vn -0.0461573 0.9373050 0.3454400
vn -0.0818494 0.7433740 0.6638492
vn -0.0607787 0.9431820 0.3266706
vn -0.1338294 0.7632485 0.6320929
vn -0.1562704 0.3950951 0.9052510
vn -0.3043110 -0.1200285 0.9449804
vn -0.3353479 0.4019315 0.8520521
vn -0.0936820 0.2665870 0.9592471
vn 0.2695086 0.3636327 0.8917042
vn -0.0020648 0.9999979 0.0000000
vn 0.0120320 0.9912958 -0.1311024
vn 0.0076478 0.9927127 -0.1202621
vn -0.0133988 0.9999102 0.0001585
vn -0.0485444 0.9915481 0.1203153
vn -0.0230042 0.9911218 0.1309519
vn -0.3100547 -0.9506184 0.0138130
vn -0.5319088 -0.8100353 0.2468115
vn -0.4087846 -0.8276791 0.3845028
vn -0.3234753 -0.9312326 0.1678378
vn -0.5070080 -0.7256233 0.4652029
vn -0.8387165 -0.0000000 0.5445684
vn -0.3327319 -0.9425147 0.0309109
vn -0.7921072 -0.0000000 -0.6103819
vn -0.2664784 -0.8464100 -0.4610633
vn -0.2329053 -0.9641216 -0.1273760
vn -0.1905132 -0.9096769 -0.3690430
vn -0.4034850 -0.8836435 -0.2374319
vn -0.3059576 0.2031616 0.9301158
vn -0.1070135 0.9553390 0.2754550
vn -0.2981902 0.7374729 0.6059838
vn -0.3754813 0.8064581 0.4567703
vn -0.4603984 -0.5859935 0.6668170
vn -0.0332075 0.9994468 0.0018588
vn 0.0421828 0.9590661 -0.2800231
vn -0.0321680 0.9919914 -0.1221405
vn -0.1171206 0.8796846 -0.4609098
vn -0.1663337 0.9859484 0.0154525
vn -0.1064849 0.9856240 0.1311730
vn 0.1812562 0.1384056 -0.9736478
vn -0.0771404 -0.6902202 -0.7194758
vn 0.0527227 0.7626065 -0.6447105
vn 0.0000000 -1.0000000 0.0000000
vn -0.3417431 -0.9397934 0.0000000
vn -0.7071068 -0.7071068 0.0000000
vn -0.3417431 -0.9397934 0.0000000
vn -0.7071068 -0.7071068 0.0000000
vn -0.3417431 -0.9397934 0.0000000
vn 0.0000000 -1.0000000 0.0000000
vn 0.3417431 -0.9397934 0.0000000
vn 0.7071068 -0.7071068 0.0000000
vn 0.3417431 -0.9397934 0.0000000
vn 0.7071068 -0.7071068 0.0000000
vn 0.3417431 -0.9397934 0.0000000
vn -0.1446115 0.3759798 -0.9152741
vn -0.0460127 0.9373240 -0.3454079
vn -0.0950466 0.7425377 -0.6630263
vn -0.0516482 0.9436541 -0.3268783
vn -0.1459194 0.7490951 -0.6461919
vn -0.1420287 0.3324332 -0.9323712
vn -0.0986817 -0.3177960 -0.9430099
vn 0.1475419 0.2472717 -0.9576472
vn -0.1036222 0.2411601 -0.9649374
vn -0.3764979 0.4140609 -0.8287358
vn 0.0020649 0.9999979 0.0000000
vn 0.0462964 0.9372990 0.3454377
vn 0.0231341 0.9911157 0.1309753
vn 0.0615255 0.9430857 0.3268088
vn 0.0489230 0.9915093 0.1204821
vn 0.0134089 0.9999101 0.0001617
vn -0.0078186 0.9926933 -0.1204115
vn -0.0120987 0.9912935 -0.1311139
vn 0.0937633 0.3380075 0.9364611
vn -0.2693740 0.3636666 0.8917310
vn 0.0946955 0.2667029 0.9591154
vn 0.3363978 0.4031237 0.8510745
vn 0.3072496 -0.1178070 0.9443088
vn 0.1584708 0.3952154 0.9048159
vn 0.1360859 0.7627153 0.6322547
vn 0.0826934 0.7433865 0.6637306
vn -0.1817307 0.1384352 -0.9735552
vn -0.0426033 0.9588471 -0.2807082
vn -0.0536576 0.7614901 -0.6459518
vn 0.1159985 0.8791061 -0.4622951
vn 0.2655933 -0.8460166 -0.4622943
vn 0.0760503 -0.6889585 -0.7207999
vn 0.1901552 -0.9095195 -0.3696150
vn 0.0332590 0.9994449 0.0019058
vn 0.1082422 0.9550055 0.2761308
vn 0.1071468 0.9854705 0.1317856
vn 0.3773106 0.8047273 0.4583130
vn 0.8380372 0.0000000 0.5456131
vn 0.1666910 0.9858814 0.0158726
vn 0.7915377 -0.0000000 -0.6111203
vn 0.0318965 0.9919563 -0.1224959
vn 0.3093489 0.2036581 0.9288846
vn 0.4109177 -0.8261363 0.3855456
vn 0.4630698 -0.5829659 0.6676205
vn 0.5087633 -0.7233109 0.4668847
vn 0.3007989 0.7357232 0.6068208
vn 0.3105088 -0.9504655 0.0141304
vn 0.4034747 -0.8836492 -0.2374285
vn 0.2329098 -0.9641233 -0.1273552
vn 0.3333921 -0.9422536 0.0317461
vn 0.3246663 -0.9306247 0.1689065
vn 0.5331328 -0.8091520 0.2470677
vn -0.9357768 -0.3525929 0.0000000
vn -0.9924143 -0.0507140 -0.1119904
vn -0.9735635 -0.2276266 -0.0189789
vn -0.9292539 -0.3694418 0.0000000
vn -0.9156571 -0.4019604 0.0000000
vn -0.9292539 -0.3694418 0.0000000
vn -0.9731794 -0.2292534 0.0190958
vn -0.9910254 -0.0654041 0.1165803
vn -0.1431014 0.0000000 -0.9897080
vn -0.3606815 0.1897482 -0.9131837
vn -0.1897158 0.3606838 -0.9131895
vn 0.0000000 0.1431014 -0.9897080
vn 0.1896799 0.3606863 -0.9131960
vn 0.3606863 0.1896799 -0.9131960
vn 0.1431014 0.0000000 -0.9897080
vn 0.3606838 -0.1897158 -0.9131895
vn 0.1897482 -0.3606815 -0.9131837
vn 0.0000000 -0.1431014 -0.9897080
vn -0.1897841 -0.3606789 -0.9131773
vn -0.3606789 -0.1897841 -0.9131773
vn 0.7291819 -0.6843114 0.0034002
vn 0.9389945 -0.2770402 0.2038088
vn 0.9165042 -0.3982680 0.0374517
vn 0.9182451 -0.3960125 0.0000000
vn 0.8906778 -0.4546351 0.0000000
vn 0.9169802 -0.3989326 0.0000000
vn 0.9109624 -0.4108946 -0.0362379
vn 0.9085218 -0.3559044 -0.2189069
vn 0.0000000 0.1465654 0.9892010
vn -0.1936379 0.3682999 0.9093182
vn -0.3682974 0.1936709 0.9093122
vn -0.1465654 0.0000000 0.9892010
vn -0.3682947 -0.1937075 0.9093055
vn -0.1937075 -0.3682947 0.9093055
vn -0.0000000 -0.1465654 0.9892010
vn 0.1936709 -0.3682974 0.9093122
vn 0.3682999 -0.1936379 0.9093182
vn 0.1465654 0.0000000 0.9892010
vn 0.3683026 0.1936013 0.9093249
vn 0.1936013 0.3683026 0.9093249
vn 0.9357768 -0.3525929 0.0000000
vn 0.9910323 -0.0652976 0.1165811
vn 0.9731824 -0.2292466 0.0190241
vn 0.9292088 -0.3695552 0.0000000
vn 0.9156571 -0.4019604 0.0000000
vn 0.9292088 -0.3695552 0.0000000
vn 0.9735651 -0.2276260 -0.0189075
vn 0.9924197 -0.0506072 -0.1119910
vn 0.1465654 0.0000000 0.9892010
vn 0.3683026 0.1936013 0.9093249
vn 0.1936013 0.3683026 0.9093249
vn 0.0000000 0.1465654 0.9892010
vn -0.1936379 0.3682999 0.9093182
vn -0.3682974 0.1936709 0.9093122
vn -0.1465654 0.0000000 0.9892010
vn -0.3682947 -0.1937075 0.9093055
vn -0.1937075 -0.3682947 0.9093055
vn -0.0000000 -0.1465654 0.9892010
vn 0.1936709 -0.3682974 0.9093122
vn 0.3682999 -0.1936379 0.9093182
vn -0.7287044 -0.6848204 0.0033016
vn -0.9084856 -0.3559601 -0.2189664
vn -0.9108904 -0.4110546 -0.0362331
vn -0.9169802 -0.3989326 0.0000000
vn -0.8906778 -0.4546351 0.0000000
vn -0.9182451 -0.3960125 0.0000000
vn -0.9163341 -0.3986598 0.0374465
vn -0.9386290 -0.2781161 0.2040268
vn 0.0000000 0.1431014 -0.9897080
vn 0.1896799 0.3606863 -0.9131960
vn 0.3606863 0.1896799 -0.9131960
vn 0.1431014 0.0000000 -0.9897080
vn 0.3606838 -0.1897158 -0.9131895
vn 0.1897482 -0.3606815 -0.9131837
vn 0.0000000 -0.1431014 -0.9897080
vn -0.1897841 -0.3606789 -0.9131773
vn -0.3606789 -0.1897841 -0.9131773
vn -0.1431014 0.0000000 -0.9897080
vn -0.3606815 0.1897482 -0.9131837
vn -0.1897158 0.3606838 -0.9131895
vn -0.0115531 0.8093417 0.5872245
vn -0.6045310 0.4205689 0.6765087
vn -0.2887169 0.7670298 0.5729815
vn -0.4843967 0.4843967 0.7285051
vn -0.0000000 0.6868536 0.7267958
vn 0.4866785 0.4866785 0.7254571
vn 0.2895986 0.7719521 0.5658822
vn 0.6388233 0.4652959 0.6127026
vn -0.9855190 -0.1376683 0.0989931
vn -0.7065207 -0.7065207 0.0407060
vn -0.9104244 -0.3417841 0.2330474
vn -0.5465343 -0.5465343 0.6345081
vn -0.7589521 0.0000000 0.6511464
vn -0.8546218 0.2518785 0.4540692
vn 0.0000000 -0.9992743 0.0380910
vn 0.7065233 -0.7065233 0.0406143
vn 0.3346576 -0.9130932 0.2329488
vn 0.5465343 -0.5465343 0.6345081
vn 0.0000000 -0.7686567 0.6396615
vn -0.3347019 -0.9130768 0.2329494
vn 0.9938831 -0.0826996 0.0731928
vn 0.8741378 0.2730368 0.4016642
vn 0.7603985 0.0000000 0.6494567
vn 0.9114776 -0.3389908 0.2330103
vn -0.9938934 -0.0826908 0.0730620
vn -0.7065207 -0.7065207 0.0407060
vn -0.9114327 -0.3391105 0.2330120
vn -0.5465343 -0.5465343 0.6345081
vn -0.7603985 -0.0000000 0.6494567
vn -0.4866070 0.4866070 0.7255531
vn -0.8741378 0.2730368 0.4016642
vn -0.6388233 0.4652959 0.6127026
vn 0.0000000 -0.9992743 0.0380910
vn 0.7065233 -0.7065233 0.0406143
vn 0.3346576 -0.9130932 0.2329488
vn 0.5465343 -0.5465343 0.6345081
vn 0.0000000 -0.7686567 0.6396615
vn -0.3347019 -0.9130768 0.2329494
vn 0.9855412 -0.1375140 0.0989872
vn 0.6052522 0.4214842 0.6752932
vn 0.8547599 0.2520489 0.4537144
vn 0.4846328 0.4846328 0.7281909
vn 0.7590537 -0.0000000 0.6510280
vn 0.9104810 -0.3416344 0.2330455
vn 0.0117334 0.8095089 0.5869904
vn -0.2895986 0.7719521 0.5658822
vn -0.0000000 0.6868536 0.7267958
vn 0.2888879 0.7672269 0.5726313
vn -0.0346730 0.7923761 -0.6090467
vn 0.4746282 0.2671484 -0.8386655
vn 0.2611093 0.7236871 -0.6388262
vn 0.4565235 0.4565235 -0.7636574
vn 0.0000000 0.6755272 -0.7373351
vn -0.4896746 0.4896746 -0.7214136
vn -0.2995576 0.7799366 -0.5495126
vn -0.6699077 0.5087799 -0.5407094
vn 0.9826956 -0.1523694 -0.1053227
vn 0.7065131 -0.7065131 -0.0409707
vn 0.9092383 -0.3428365 -0.2361120
vn 0.5421215 -0.5421215 -0.6420347
vn 0.7484569 0.0000000 -0.6631835
vn 0.8294629 0.2292266 -0.5093589
vn 0.0000000 -0.9992612 -0.0384331
vn -0.7065104 -0.7065104 -0.0410633
vn -0.3344078 -0.9124021 -0.2359954
vn -0.5421215 -0.5421215 -0.6420347
vn 0.0000000 -0.7622167 -0.6473219
vn 0.3343635 -0.9124185 -0.2359947
vn -0.9940755 -0.0807007 -0.0728103
vn -0.8773462 0.2782274 -0.3909644
vn -0.7551253 -0.0000000 -0.6555805
vn -0.9109046 -0.3384254 -0.2360533
vn 0.9940655 -0.0807058 -0.0729407
vn 0.7065131 -0.7065131 -0.0409707
vn 0.9109494 -0.3383057 -0.2360516
vn 0.5421215 -0.5421215 -0.6420347
vn 0.7551253 0.0000000 -0.6555805
vn 0.4897458 0.4897458 -0.7213169
vn 0.8773462 0.2782274 -0.3909644
vn 0.6699077 0.5087799 -0.5407094
vn 0.0000000 -0.9992612 -0.0384331
vn -0.7065104 -0.7065104 -0.0410633
vn -0.3344078 -0.9124021 -0.2359954
vn -0.5421215 -0.5421215 -0.6420347
vn 0.0000000 -0.7622167 -0.6473219
vn 0.3343635 -0.9124185 -0.2359947
vn -0.9826973 -0.1523684 -0.1053087
vn -0.4747211 0.2674177 -0.8385271
vn -0.8294629 0.2292266 -0.5093589
vn -0.4564542 0.4564542 -0.7637403
vn -0.7484569 -0.0000000 -0.6631835
vn -0.9091930 -0.3429554 -0.2361135
vn 0.0346080 0.7923696 -0.6090589
vn 0.2995576 0.7799366 -0.5495126
vn 0.0000000 0.6755272 -0.7373351
vn -0.2611384 0.7237832 -0.6387054
vn -0.9455732 0.0000000 0.3254095
vn -0.8731652 -0.3617166 0.3267165
vn -0.8603847 -0.1654875 0.4820291
vn -0.6988122 -0.2715978 0.6617372
vn -0.6811460 0.1959014 0.7054521
vn -0.8480960 0.1376698 0.5116446
vn -0.8845492 0.2495998 0.3940465
vn -0.6843070 -0.6840922 0.2524713
vn -0.3688384 -0.8903568 0.2668765
vn -0.5028089 -0.7610079 0.4099392
vn -0.2968672 -0.7165810 0.6311747
vn -0.7505089 -0.4916396 0.4416184
vn 0.0000000 -0.9752501 0.2211045
vn 0.3687233 -0.8902863 0.2672702
vn 0.1834413 -0.9007652 0.3936641
vn 0.2968094 -0.7162961 0.6315252
vn -0.1834447 -0.9008527 0.3934621
vn 0.6841884 -0.6839736 0.2531135
vn 0.8728537 -0.3615876 0.3276903
vn 0.7501989 -0.4912558 0.4425714
vn 0.6982141 -0.2713653 0.6624635
vn 0.5026691 -0.7607575 0.4105749
vn 0.9452487 0.0000000 0.3263509
vn 0.8841638 0.2494911 0.3949793
vn 0.8474929 0.1377080 0.5126326
vn 0.6805403 0.1957272 0.7060848
vn 0.8598072 -0.1655401 0.4830405
vn 0.8060991 0.4350940 0.4011202
vn 0.5561988 0.6306819 0.5411868
vn 0.6155558 0.4836166 0.6222588
vn 0.3605945 0.4570498 0.8130665
vn 0.7775653 0.3095538 0.5473286
vn 0.0000000 0.8192834 0.5733888
vn -0.5564767 0.6308499 0.5407052
vn -0.2732341 0.6322922 0.7249481
vn -0.3607451 0.4573335 0.8128401
vn 0.2731830 0.6321245 0.7251136
vn -0.8063603 0.4352350 0.4004417
vn -0.7780248 0.3098506 0.5465071
vn -0.6158978 0.4839099 0.6216921
vn -0.8834137 0.4648769 0.0589034
vn -0.9147546 0.3725286 0.1563534
vn -0.8019022 0.5713534 0.1746659
vn -0.7939316 0.6078137 -0.0153320
vn -0.3677578 0.9284395 -0.0524814
vn -0.3606288 0.9040543 0.2294182
vn 0.3606187 0.9040194 0.2295716
vn 0.3677578 0.9284395 -0.0524814
vn 0.7939323 0.6078141 -0.0152822
vn 0.8018941 0.5712645 0.1749936
vn 0.9146649 0.3725701 0.1567790
vn 0.8833917 0.4649191 0.0589010
vn 0.9508597 0.2442940 0.1902269
vn 0.9764509 0.1507992 0.1542831
vn 0.9731755 -0.1834553 0.1388295
vn 0.9381463 -0.2863674 0.1946156
vn 0.7431563 -0.6659069 0.0654729
vn 0.8171347 -0.5663368 0.1074872
vn 0.5595429 -0.8241584 0.0876047
vn 0.5477842 -0.8365338 0.0119851
vn 0.1905649 -0.9816352 0.0087930
vn 0.1867984 -0.9791570 0.0797361
vn -0.1867977 -0.9791640 0.0796525
vn -0.1905649 -0.9816352 0.0087930
vn -0.5477844 -0.8365342 0.0119506
vn -0.5594991 -0.8242139 0.0873622
vn -0.8172235 -0.5662796 0.1071133
vn -0.7431944 -0.6658641 0.0654755
vn -0.9381341 -0.2864317 0.1945798
vn -0.9732231 -0.1835354 0.1383894
vn -0.9765089 0.1508667 0.1538495
vn -0.9508524 0.2443501 0.1901913
vn -0.7315997 0.6758806 -0.0891479
vn -0.6419186 0.7647269 -0.0559765
vn -0.6617238 0.7484687 -0.0437755
vn -0.7395732 0.6730587 0.0048459
vn 0.3199725 0.9314489 -0.1732646
vn 0.2540625 0.9606977 -0.1118579
vn -0.2540625 0.9606977 -0.1118579
vn -0.3199725 0.9314489 -0.1732646
vn 0.7395465 0.6730878 0.0048709
vn 0.6616918 0.7484958 -0.0437950
vn 0.6419003 0.7647410 -0.0559923
vn 0.7315839 0.6758982 -0.0891437
vn 0.5261723 -0.8503682 -0.0040754
vn 0.5228568 -0.8508272 -0.0520945
vn 0.5254240 -0.8468495 -0.0823140
vn 0.5532334 -0.8322397 0.0361932
vn -0.1911086 -0.9815431 -0.0071168
vn -0.1907095 -0.9799177 -0.0582341
vn 0.1907095 -0.9799177 -0.0582341
vn 0.1911086 -0.9815431 -0.0071168
vn -0.5532642 -0.8322200 0.0361744
vn -0.5254568 -0.8468308 -0.0822967
vn -0.5228748 -0.8508166 -0.0520873
vn -0.5261904 -0.8503570 -0.0040830
vn 0.2154762 0.9729342 0.0834813
vn 0.3781327 0.8868464 0.2655545
vn -0.3781643 0.8868329 0.2655545
vn -0.2154762 0.9729342 0.0834813
vn 0.7667836 0.6411456 0.0312294
vn 0.6739494 0.7330842 0.0915414
vn 0.7088457 0.7010005 0.0783330
vn 0.5871608 0.8067400 0.0664290
vn 0.9323539 -0.3141067 -0.1790340
vn 0.9158288 -0.3943122 0.0759967
vn 0.8885735 0.4039527 0.2173924
vn 0.9524497 0.2932423 -0.0827560
vn 0.5401696 -0.8322323 -0.1249248
vn 0.5315408 -0.8172450 -0.2226545
vn 0.6746757 -0.7228237 -0.1494608
vn 0.7150710 -0.6845531 -0.1416348
vn -0.1883949 -0.9717693 -0.1420276
vn -0.1792817 -0.9525226 -0.2460868
vn 0.1792817 -0.9525226 -0.2460868
vn 0.1883949 -0.9717693 -0.1420276
vn -0.7151269 -0.6844945 -0.1416362
vn -0.6747156 -0.7227883 -0.1494522
vn -0.5315570 -0.8172335 -0.2226581
vn -0.5401695 -0.8322323 -0.1249250
vn -0.9524208 0.2933459 -0.0827207
vn -0.8885457 0.4040229 0.2173754
vn -0.9158024 -0.3943817 0.0759545
vn -0.9323173 -0.3142149 -0.1790350
vn -0.5871603 0.8067391 0.0664440
vn -0.7088406 0.7010044 0.0783449
vn -0.6739713 0.7330635 0.0915455
vn -0.7668358 0.6410842 0.0312075
vn 0.4117243 0.9085147 -0.0713032
vn 0.5845994 0.6206509 -0.5225285
vn 0.8738956 0.4664231 -0.1369522
vn 0.4192578 -0.8186060 -0.3925648
vn 0.1472377 -0.7967596 -0.5860847
vn 0.3999682 -0.8658410 -0.3005742
vn -0.2035915 -0.8862895 -0.4159824
vn -0.0000000 -0.7587938 -0.6513309
vn 0.2035682 -0.8862943 -0.4159836
vn -0.3999413 -0.8658475 -0.3005913
vn -0.1472377 -0.7967616 -0.5860819
vn -0.4192638 -0.8186060 -0.3925584
vn -0.8738591 0.4664817 -0.1369859
vn -0.5846139 0.6206477 -0.5225161
vn -0.4117214 0.9085143 -0.0713245
vn 0.9156200 -0.0314186 -0.4008153
vn 0.9710044 0.0385428 -0.2359341
vn 0.9606080 0.2744892 0.0434496
vn 0.9787079 0.1952792 -0.0632213
vn -0.9787120 0.1952744 -0.0631722
vn -0.9606074 0.2744906 0.0434544
vn -0.9710347 0.0385286 -0.2358117
vn -0.9156304 -0.0314050 -0.4007925
vn 0.6452768 0.6327835 0.4280219
vn 0.0000000 0.8198286 0.5726089
vn -0.6453500 0.6327591 0.4279478
vn -0.2556600 0.9610626 -0.1048646
vn 0.0078930 0.9912963 -0.1314131
vn -0.0648393 0.9891803 0.1315985
vn -0.3237908 0.9398587 0.1087439
vn -0.2622591 -0.6778280 -0.6868547
vn 0.3841263 -0.4219589 -0.8212172
vn 0.1435512 0.7037615 -0.6957821
vn -0.4136115 0.6759414 -0.6099416
vn -0.2055896 -0.9724447 0.1099287
vn 0.2687340 -0.9484987 0.1677269
vn 0.3782720 -0.9105070 -0.1669948
vn -0.1048801 -0.9854597 -0.1336762
vn -0.6256904 0.5419929 0.5610305
vn -0.2359853 0.6839909 0.6902662
vn -0.1036406 -0.5182910 0.8489011
vn -0.5856197 -0.5711621 0.5751725
vn 0.5856425 -0.5711320 0.5751792
vn 0.1036419 -0.5183047 0.8488926
vn 0.2359877 0.6840036 0.6902527
vn 0.6257119 0.5419621 0.5610363
vn 0.1048895 -0.9854584 -0.1336787
vn -0.3782449 -0.9105209 -0.1669807
vn -0.2687209 -0.9485042 0.1677166
vn 0.2056053 -0.9724413 0.1099290
vn 0.4136280 0.6759189 -0.6099553
vn -0.1435550 0.7037634 -0.6957794
vn -0.3841344 -0.4219530 -0.8212164
vn 0.2622722 -0.6778120 -0.6868655
vn 0.3238135 0.9398510 0.1087420
vn 0.0648393 0.9891803 0.1315985
vn -0.0078930 0.9912963 -0.1314131
vn 0.2556813 0.9610571 -0.1048632
vn 0.6658855 -0.6614815 0.3450199
vn 0.7551692 0.0000000 0.6555299
vn 0.5347715 0.6724681 0.5116700
vn 0.0230057 -0.8718749 -0.4891880
vn 0.1172568 -0.9574841 -0.2635813
vn 0.3251976 -0.9456327 0.0050326
vn 0.2532044 -0.9525491 -0.1689312
vn 0.1156724 0.9928186 0.0305139
vn 0.1737310 0.9782771 0.1130991
vn 0.0045639 0.9715432 -0.2368183
vn -0.0183337 0.9464219 -0.3224120
vn -0.5347792 0.6724313 0.5117103
vn -0.7551451 0.0000000 0.6555577
vn -0.6658928 -0.6614430 0.3450795
vn 0.0183342 0.9464214 -0.3224134
vn -0.0045638 0.9715431 -0.2368189
vn -0.1737348 0.9782770 0.1130946
vn -0.1156671 0.9928195 0.0305059
vn -0.2531928 -0.9525495 -0.1689463
vn -0.3252040 -0.9456306 0.0050227
vn -0.1172538 -0.9574883 -0.2635672
vn -0.0230065 -0.8718759 -0.4891862
vn 0.2309484 0.1150549 -0.9661393
vn 0.0503335 -0.0418498 -0.9978553
vn 0.1117699 0.7462324 -0.6562353
vn 0.0968167 0.7301557 -0.6763868
vn 0.3417431 -0.9397934 0.0000000
vn 0.3417431 -0.9397934 0.0000000
vn -0.3417431 -0.9397934 0.0000000
vn -0.3417431 -0.9397934 0.0000000
vn -0.0829071 0.7270831 0.6815252
vn -0.1064170 0.7528982 0.6494765
vn -0.2379672 0.1122170 0.9647689
vn 0.0165247 0.0371081 0.9991746
vn 0.0163227 0.9910699 -0.1323403
vn 0.0111700 0.9920601 -0.1252675
vn -0.0322879 0.9917334 0.1241870
vn -0.0190406 0.9910455 0.1321597
vn -0.3609612 -0.9145624 0.1824351
vn -0.3874434 -0.8985636 0.2060850
vn -0.2870270 -0.9453699 -0.1545682
vn -0.2590156 -0.9528549 -0.1580460
vn -0.1734536 0.8052372 0.5670158
vn -0.6033033 0.0354286 0.7967245
vn -0.4142634 -0.4751666 0.7762748
vn -0.0015785 0.9932487 -0.1159935
vn -0.1214030 0.9793020 -0.1619532
vn -0.2247454 0.9561476 0.1878067
vn -0.0650697 0.9909375 0.1175106
vn 0.0018443 -0.5972784 -0.8020318
vn -0.1703246 0.0189353 -0.9852061
vn 0.1264698 0.7971121 -0.5904386
vn -0.3417431 -0.9397934 0.0000000
vn -0.3417431 -0.9397934 0.0000000
vn 0.3417431 -0.9397934 0.0000000
vn 0.3417431 -0.9397934 0.0000000
vn -0.0968332 0.7301364 -0.6764053
vn -0.1119286 0.7459965 -0.6564764
vn -0.0504791 -0.0417048 -0.9978540
vn -0.2309340 0.1150555 -0.9661427
vn 0.0190848 0.9910441 0.1321641
vn 0.0325446 0.9917156 0.1242622
vn -0.0112792 0.9920479 -0.1253543
vn -0.0163383 0.9910690 -0.1323452
vn -0.0162881 0.0371347 0.9991775
vn 0.2399703 0.1135910 0.9641117
vn 0.1079917 0.7526380 0.6495182
vn 0.0831518 0.7270856 0.6814927
vn -0.1270478 0.7963438 -0.5913505
vn 0.1679872 0.0191119 -0.9856039
vn -0.0026338 -0.5962096 -0.8028245
vn 0.0655614 0.9908655 0.1178440
vn 0.2257542 0.9557042 0.1888506
vn 0.1211087 0.9792782 -0.1623172
vn 0.0013587 0.9932174 -0.1162642
vn 0.4172214 -0.4722793 0.7764525
vn 0.6044383 0.0357713 0.7958484
vn 0.1758381 0.8042943 0.5676193
vn 0.2590443 -0.9528363 -0.1581108
vn 0.2870341 -0.9453703 -0.1545524
vn 0.3886778 -0.8977184 0.2074395
vn 0.3621868 -0.9139422 0.1831131
vn -0.9654624 -0.2428986 -0.0942471
vn -0.9216560 -0.3879737 -0.0051599
vn -0.9214712 -0.3884125 0.0051608
vn -0.9588732 -0.2662657 0.0983092
vn -0.1476820 0.1476745 -0.9779480
vn 0.1476654 0.1476654 -0.9779519
vn 0.1476745 -0.1476820 -0.9779480
vn -0.1476912 -0.1476912 -0.9779441
vn 0.8169595 -0.5515457 0.1684474
vn 0.9027775 -0.4299801 0.0104894
vn 0.9014205 -0.4328282 -0.0100457
vn 0.7682839 -0.6173320 -0.1692366
vn -0.1512059 0.1511982 0.9768704
vn -0.1512153 -0.1512153 0.9768664
vn 0.1511982 -0.1512059 0.9768704
vn 0.1511889 0.1511889 0.9768745
vn 0.9588611 -0.2663018 0.0983297
vn 0.9214606 -0.3884378 0.0051417
vn 0.9216452 -0.3879996 -0.0051409
vn 0.9654524 -0.2429309 -0.0942670
vn 0.1511889 0.1511889 0.9768745
vn -0.1512059 0.1511982 0.9768704
vn -0.1512153 -0.1512153 0.9768664
vn 0.1511982 -0.1512059 0.9768704
vn -0.7680402 -0.6176083 -0.1693348
vn -0.9014221 -0.4328248 -0.0100456
vn -0.9027764 -0.4299822 0.0104894
vn -0.8162829 -0.5525411 0.1684655
vn 0.1476654 0.1476654 -0.9779519
vn 0.1476745 -0.1476820 -0.9779480
vn -0.1476912 -0.1476912 -0.9779441
vn -0.1476820 0.1476745 -0.9779480
vn -0.3254184 0.6999017 0.6357991
vn -0.2563220 0.6460011 0.7190144
vn 0.2539520 0.6458037 0.7200319
vn 0.3114621 0.7217906 0.6180693
vn -0.9264902 -0.3725062 0.0534323
vn -0.7272250 -0.2807988 0.6263352
vn -0.6920226 0.2450356 0.6790157
vn -0.9351989 -0.0174165 0.3536944
vn 0.3414784 -0.9390882 0.0388038
vn 0.2790781 -0.7299629 0.6239147
vn -0.2791245 -0.7299690 0.6238868
vn -0.3414870 -0.9390836 0.0388406
vn 0.9621057 0.0900208 0.2573884
vn 0.6965507 0.2488451 0.6729734
vn 0.7276831 -0.2805151 0.6259302
vn 0.9323322 -0.3585724 0.0467166
vn -0.9323372 -0.3585603 0.0467113
vn -0.7276026 -0.2805474 0.6260093
vn -0.6965183 0.2488579 0.6730023
vn -0.9620939 0.0900303 0.2574294
vn 0.3414784 -0.9390882 0.0388038
vn 0.2790781 -0.7299629 0.6239147
vn -0.2791245 -0.7299690 0.6238868
vn -0.3414870 -0.9390836 0.0388406
vn 0.9353802 -0.0165621 0.3532556
vn 0.6922475 0.2451227 0.6787549
vn 0.7273411 -0.2807469 0.6262237
vn 0.9265060 -0.3724710 0.0534034
vn -0.3114167 0.7218384 0.6180364
vn -0.2539711 0.6457772 0.7200489
vn 0.2563841 0.6461260 0.7188799
vn 0.3259628 0.7003956 0.6349758
vn 0.2273886 0.6211819 -0.7499516
vn 0.2417592 0.6234699 -0.7435306
vn -0.2564684 0.6427572 -0.7218637
vn -0.3585384 0.7325934 -0.5785819
vn 0.9248019 -0.3764548 -0.0549834
vn 0.7202183 -0.2792331 -0.6350704
vn 0.6712668 0.2312775 -0.7042099
vn 0.9057557 -0.1016593 -0.4114267
vn -0.3414872 -0.9390693 -0.0391849
vn -0.2768642 -0.7242648 -0.6314957
vn 0.2768179 -0.7242582 -0.6315235
vn 0.3414786 -0.9390739 -0.0391477
vn -0.9632977 0.1113084 -0.2442703
vn -0.6951213 0.2504335 -0.6738616
vn -0.7223323 -0.2780146 -0.6332013
vn -0.9326174 -0.3577967 -0.0469717
vn 0.9326126 -0.3578085 -0.0469770
vn 0.7224135 -0.2779833 -0.6331224
vn 0.6951536 0.2504214 -0.6738328
vn 0.9633093 0.1112931 -0.2442314
vn -0.3414872 -0.9390693 -0.0391849
vn -0.2768642 -0.7242648 -0.6314957
vn 0.2768179 -0.7242582 -0.6315235
vn 0.3414786 -0.9390739 -0.0391477
vn -0.9057595 -0.1016482 -0.4114211
vn -0.6711702 0.2312628 -0.7043068
vn -0.7201370 -0.2792645 -0.6351488
vn -0.9247932 -0.3764724 -0.0550092
vn 0.3585364 0.7326026 -0.5785716
vn 0.2564491 0.6427841 -0.7218466
vn -0.2417769 0.6234436 -0.7435470
vn -0.2275044 0.6212603 -0.7498515
vn -0.9241322 -0.2061336 0.3216965
vn -0.7677194 0.0000000 0.6407861
vn -0.9177078 0.1662839 0.3607799
vn -0.5131472 -0.8200454 0.2533882
vn -0.5736107 -0.5650637 0.5930209
vn -0.8123045 -0.5069205 0.2884321
vn 0.2175665 -0.9461031 0.2399036
vn 0.0000000 -0.8222640 0.5691063
vn -0.2175573 -0.9461648 0.2396687
vn 0.8120977 -0.5067930 0.2892372
vn 0.5732679 -0.5646949 0.5937032
vn 0.5130548 -0.8199410 0.2539126
vn 0.9173532 0.1662464 0.3616977
vn 0.7670480 0.0000000 0.6415898
vn 0.9238114 -0.2060953 0.3226410
vn 0.6943085 0.5465025 0.4682636
vn 0.6038183 0.3535340 0.7144348
vn 0.8638120 0.3235234 0.3862142
vn -0.3626996 0.7430502 0.5624282
vn 0.0000000 0.5481196 0.8364000
vn 0.3626483 0.7428653 0.5627054
vn -0.8641218 0.3236384 0.3854241
vn -0.6042816 0.3538248 0.7138990
vn -0.6945721 0.5466812 0.4676636
f 1047//1047 353//353 4//4 354//354
f 1047//1047 354//354 1//1 351//351
f 1047//1047 351//351 2//2 352//352
f 1047//1047 352//352 3//3 353//353
f 1048//1048 356//356 6//6 357//357
f 1048//1048 357//357 1//1 354//354
f 1048//1048 354//354 4//4 355//355
f 1048//1048 355//355 5//5 356//356
f 1049//1049 359//359 8//8 360//360
f 1049//1049 360//360 1//1 357//357
f 1049//1049 357//357 6//6 358//358
f 1049//1049 358//358 7//7 359//359
f 1050//1050 351//351 1//1 360//360
f 1050//1050 360//360 8//8 361//361
f 1050//1050 361//361 9//9 362//362
f 1050//1050 362//362 2//2 351//351
f 1051//1051 361//361 8//8 365//365
f 1051//1051 365//365 10//10 363//363
f 1051//1051 363//363 11//11 364//364
f 1051//1051 364//364 9//9 361//361
f 1052//1052 366//366 12//12 367//367
f 1052//1052 367//367 10//10 365//365
f 1052//1052 365//365 8//8 359//359
f 1052//1052 359//359 7//7 366//366
f 1053//1053 369//369 14//14 370//370
f 1053//1053 370//370 10//10 367//367
f 1053//1053 367//367 12//12 368//368
f 1053//1053 368//368 13//13 369//369
f 1054//1054 363//363 10//10 370//370
f 1054//1054 370//370 14//14 371//371
f 1054//1054 371//371 15//15 372//372
f 1054//1054 372//372 11//11 363//363
f 1055//1055 371//371 14//14 375//375
f 1055//1055 375//375 16//16 373//373
f 1055//1055 373//373 17//17 374//374
f 1055//1055 374//374 15//15 371//371
f 1056//1056 376//376 18//18 377//377
f 1056//1056 377//377 16//16 375//375
f 1056//1056 375//375 14//14 369//369
f 1056//1056 369//369 13//13 376//376
f 1057//1057 379//379 20//20 380//380
f 1057//1057 380//380 16//16 377//377
f 1057//1057 377//377 18//18 378//378
f 1057//1057 378//378 19//19 379//379
f 1058//1058 373//373 16//16 380//380
f 1058//1058 380//380 20//20 381//381
f 1058//1058 381//381 21//21 382//382
f 1058//1058 382//382 17//17 373//373
f 1059//1059 381//381 20//20 385//385
f 1059//1059 385//385 22//22 383//383
f 1059//1059 383//383 23//23 384//384
f 1059//1059 384//384 21//21 381//381
f 1060//1060 386//386 24//24 387//387
f 1060//1060 387//387 22//22 385//385
f 1060//1060 385//385 20//20 379//379
f 1060//1060 379//379 19//19 386//386
f 1061//1061 389//389 26//26 390//390
f 1061//1061 390//390 22//22 387//387
f 1061//1061 387//387 24//24 388//388
f 1061//1061 388//388 25//25 389//389
f 1062//1062 383//383 22//22 390//390
f 1062//1062 390//390 26//26 391//391
f 1062//1062 391//391 27//27 392//392
f 1062//1062 392//392 23//23 383//383
f 1063//1063 391//391 26//26 395//395
f 1063//1063 395//395 28//28 393//393
f 1063//1063 393//393 29//29 394//394
f 1063//1063 394//394 27//27 391//391
f 1064//1064 396//396 30//30 397//397
f 1064//1064 397//397 28//28 395//395
f 1064//1064 395//395 26//26 389//389
f 1064//1064 389//389 25//25 396//396
f 1065//1065 399//399 32//32 400//400
f 1065//1065 400//400 28//28 397//397
f 1065//1065 397//397 30//30 398//398
f 1065//1065 398//398 31//31 399//399
f 1066//1066 393//393 28//28 400//400
f 1066//1066 400//400 32//32 401//401
f 1066//1066 401//401 33//33 402//402
f 1066//1066 402//402 29//29 393//393
f 1067//1067 401//401 32//32 405//405
f 1067//1067 405//405 34//34 403//403
f 1067//1067 403//403 35//35 404//404
f 1067//1067 404//404 33//33 401//401
f 1068//1068 406//406 36//36 407//407
f 1068//1068 407//407 34//34 405//405
f 1068//1068 405//405 32//32 399//399
f 1068//1068 399//399 31//31 406//406
f 1069//1069 409//409 38//38 410//410
f 1069//1069 410//410 34//34 407//407
f 1069//1069 407//407 36//36 408//408
f 1069//1069 408//408 37//37 409//409
f 1070//1070 403//403 34//34 410//410
f 1070//1070 410//410 38//38 411//411
f 1070//1070 411//411 39//39 412//412
f 1070//1070 412//412 35//35 403//403
f 1071//1071 411//411 38//38 415//415
f 1071//1071 415//415 40//40 413//413
f 1071//1071 413//413 41//41 414//414
f 1071//1071 414//414 39//39 411//411
f 1072//1072 416//416 42//42 417//417
f 1072//1072 417//417 40//40 415//415
f 1072//1072 415//415 38//38 409//409
f 1072//1072 409//409 37//37 416//416
f 1073//1073 419//419 44//44 420//420
f 1073//1073 420//420 40//40 417//417
f 1073//1073 417//417 42//42 418//418
f 1073//1073 418//418 43//43 419//419
f 1074//1074 413//413 40//40 420//420
f 1074//1074 420//420 44//44 421//421
f 1074//1074 421//421 45//45 422//422
f 1074//1074 422//422 41//41 413//413
f 1075//1075 421//421 44//44 425//425
f 1075//1075 425//425 46//46 423//423
f 1075//1075 423//423 47//47 424//424
f 1075//1075 424//424 45//45 421//421
f 1076//1076 426//426 48//48 427//427
f 1076//1076 427//427 46//46 425//425
f 1076//1076 425//425 44//44 419//419
f 1076//1076 419//419 43//43 426//426
f 1077//1077 355//355 4//4 429//429
f 1077//1077 429//429 46//46 427//427
f 1077//1077 427//427 48//48 428//428
f 1077//1077 428//428 5//5 355//355
f 1078//1078 423//423 46//46 429//429
f 1078//1078 429//429 4//4 353//353
f 1078//1078 353//353 3//3 430//430
f 1078//1078 430//430 47//47 423//423
f 1079//1079 432//432 50//50 433//433
f 1079//1079 433//433 49//49 431//431
f 1079//1079 431//431 2//2 362//362
f 1079//1079 362//362 9//9 432//432
f 1080//1080 435//435 52//52 436//436
f 1080//1080 436//436 49//49 433//433
f 1080//1080 433//433 50//50 434//434
f 1080//1080 434//434 51//51 435//435
f 1081//1081 438//438 54//54 439//439
f 1081//1081 439//439 49//49 436//436
f 1081//1081 436//436 52//52 437//437
f 1081//1081 437//437 53//53 438//438
f 1082//1082 431//431 49//49 439//439
f 1082//1082 439//439 54//54 440//440
f 1082//1082 440//440 3//3 352//352
f 1082//1082 352//352 2//2 431//431
f 1083//1083 442//442 56//56 443//443
f 1083//1083 443//443 55//55 441//441
f 1083//1083 441//441 11//11 372//372
f 1083//1083 372//372 15//15 442//442
f 1084//1084 445//445 58//58 446//446
f 1084//1084 446//446 55//55 443//443
f 1084//1084 443//443 56//56 444//444
f 1084//1084 444//444 57//57 445//445
f 1085//1085 434//434 50//50 448//448
f 1085//1085 448//448 55//55 446//446
f 1085//1085 446//446 58//58 447//447
f 1085//1085 447//447 51//51 434//434
f 1086//1086 441//441 55//55 448//448
f 1086//1086 448//448 50//50 432//432
f 1086//1086 432//432 9//9 364//364
f 1086//1086 364//364 11//11 441//441
f 1087//1087 450//450 60//60 451//451
f 1087//1087 451//451 59//59 449//449
f 1087//1087 449//449 17//17 382//382
f 1087//1087 382//382 21//21 450//450
f 1088//1088 453//453 62//62 454//454
f 1088//1088 454//454 59//59 451//451
f 1088//1088 451//451 60//60 452//452
f 1088//1088 452//452 61//61 453//453
f 1089//1089 444//444 56//56 456//456
f 1089//1089 456//456 59//59 454//454
f 1089//1089 454//454 62//62 455//455
f 1089//1089 455//455 57//57 444//444
f 1090//1090 449//449 59//59 456//456
f 1090//1090 456//456 56//56 442//442
f 1090//1090 442//442 15//15 374//374
f 1090//1090 374//374 17//17 449//449
f 1091//1091 458//458 64//64 459//459
f 1091//1091 459//459 63//63 457//457
f 1091//1091 457//457 29//29 402//402
f 1091//1091 402//402 33//33 458//458
f 1092//1092 461//461 66//66 462//462
f 1092//1092 462//462 63//63 459//459
f 1092//1092 459//459 64//64 460//460
f 1092//1092 460//460 65//65 461//461
f 1093//1093 464//464 68//68 465//465
f 1093//1093 465//465 63//63 462//462
f 1093//1093 462//462 66//66 463//463
f 1093//1093 463//463 67//67 464//464
f 1094//1094 457//457 63//63 465//465
f 1094//1094 465//465 68//68 466//466
f 1094//1094 466//466 27//27 394//394
f 1094//1094 394//394 29//29 457//457
f 1095//1095 468//468 70//70 469//469
f 1095//1095 469//469 69//69 467//467
f 1095//1095 467//467 35//35 412//412
f 1095//1095 412//412 39//39 468//468
f 1096//1096 471//471 72//72 472//472
f 1096//1096 472//472 69//69 469//469
f 1096//1096 469//469 70//70 470//470
f 1096//1096 470//470 71//71 471//471
f 1097//1097 460//460 64//64 474//474
f 1097//1097 474//474 69//69 472//472
f 1097//1097 472//472 72//72 473//473
f 1097//1097 473//473 65//65 460//460
f 1098//1098 467//467 69//69 474//474
f 1098//1098 474//474 64//64 458//458
f 1098//1098 458//458 33//33 404//404
f 1098//1098 404//404 35//35 467//467
f 1099//1099 476//476 74//74 477//477
f 1099//1099 477//477 73//73 475//475
f 1099//1099 475//475 41//41 422//422
f 1099//1099 422//422 45//45 476//476
f 1100//1100 479//479 76//76 480//480
f 1100//1100 480//480 73//73 477//477
f 1100//1100 477//477 74//74 478//478
f 1100//1100 478//478 75//75 479//479
f 1101//1101 470//470 70//70 482//482
f 1101//1101 482//482 73//73 480//480
f 1101//1101 480//480 76//76 481//481
f 1101//1101 481//481 71//71 470//470
f 1102//1102 475//475 73//73 482//482
f 1102//1102 482//482 70//70 468//468
f 1102//1102 468//468 39//39 414//414
f 1102//1102 414//414 41//41 475//475
f 1103//1103 484//484 78//78 485//485
f 1103//1103 485//485 77//77 483//483
f 1103//1103 483//483 58//58 445//445
f 1103//1103 445//445 57//57 484//484
f 1104//1104 487//487 80//80 488//488
f 1104//1104 488//488 77//77 485//485
f 1104//1104 485//485 78//78 486//486
f 1104//1104 486//486 79//79 487//487
f 1105//1105 490//490 82//82 491//491
f 1105//1105 491//491 77//77 488//488
f 1105//1105 488//488 80//80 489//489
f 1105//1105 489//489 81//81 490//490
f 1106//1106 483//483 77//77 491//491
f 1106//1106 491//491 82//82 492//492
f 1106//1106 492//492 51//51 447//447
f 1106//1106 447//447 58//58 483//483
f 1107//1107 494//494 84//84 495//495
f 1107//1107 495//495 83//83 493//493
f 1107//1107 493//493 62//62 453//453
f 1107//1107 453//453 61//61 494//494
f 1108//1108 497//497 86//86 498//498
f 1108//1108 498//498 83//83 495//495
f 1108//1108 495//495 84//84 496//496
f 1108//1108 496//496 85//85 497//497
f 1109//1109 486//486 78//78 500//500
f 1109//1109 500//500 83//83 498//498
f 1109//1109 498//498 86//86 499//499
f 1109//1109 499//499 79//79 486//486
f 1110//1110 493//493 83//83 500//500
f 1110//1110 500//500 78//78 484//484
f 1110//1110 484//484 57//57 455//455
f 1110//1110 455//455 62//62 493//493
f 1111//1111 503//503 89//89 504//504
f 1111//1111 504//504 87//87 501//501
f 1111//1111 501//501 88//88 502//502
f 1111//1111 502//502 67//67 503//503
f 1112//1112 506//506 91//91 507//507
f 1112//1112 507//507 87//87 504//504
f 1112//1112 504//504 89//89 505//505
f 1112//1112 505//505 90//90 506//506
f 1113//1113 496//496 84//84 509//509
f 1113//1113 509//509 87//87 507//507
f 1113//1113 507//507 91//91 508//508
f 1113//1113 508//508 85//85 496//496
f 1114//1114 501//501 87//87 509//509
f 1114//1114 509//509 84//84 494//494
f 1114//1114 494//494 61//61 510//510
f 1114//1114 510//510 88//88 501//501
f 1115//1115 512//512 93//93 513//513
f 1115//1115 513//513 92//92 511//511
f 1115//1115 511//511 66//66 461//461
f 1115//1115 461//461 65//65 512//512
f 1116//1116 515//515 95//95 516//516
f 1116//1116 516//516 92//92 513//513
f 1116//1116 513//513 93//93 514//514
f 1116//1116 514//514 94//94 515//515
f 1117//1117 505//505 89//89 518//518
f 1117//1117 518//518 92//92 516//516
f 1117//1117 516//516 95//95 517//517
f 1117//1117 517//517 90//90 505//505
f 1118//1118 511//511 92//92 518//518
f 1118//1118 518//518 89//89 503//503
f 1118//1118 503//503 67//67 463//463
f 1118//1118 463//463 66//66 511//511
f 1119//1119 520//520 97//97 521//521
f 1119//1119 521//521 96//96 519//519
f 1119//1119 519//519 72//72 471//471
f 1119//1119 471//471 71//71 520//520
f 1120//1120 523//523 99//99 524//524
f 1120//1120 524//524 96//96 521//521
f 1120//1120 521//521 97//97 522//522
f 1120//1120 522//522 98//98 523//523
f 1121//1121 514//514 93//93 526//526
f 1121//1121 526//526 96//96 524//524
f 1121//1121 524//524 99//99 525//525
f 1121//1121 525//525 94//94 514//514
f 1122//1122 519//519 96//96 526//526
f 1122//1122 526//526 93//93 512//512
f 1122//1122 512//512 65//65 473//473
f 1122//1122 473//473 72//72 519//519
f 1123//1123 528//528 101//101 529//529
f 1123//1123 529//529 100//100 527//527
f 1123//1123 527//527 76//76 479//479
f 1123//1123 479//479 75//75 528//528
f 1124//1124 531//531 103//103 532//532
f 1124//1124 532//532 100//100 529//529
f 1124//1124 529//529 101//101 530//530
f 1124//1124 530//530 102//102 531//531
f 1125//1125 522//522 97//97 534//534
f 1125//1125 534//534 100//100 532//532
f 1125//1125 532//532 103//103 533//533
f 1125//1125 533//533 98//98 522//522
f 1126//1126 527//527 100//100 534//534
f 1126//1126 534//534 97//97 520//520
f 1126//1126 520//520 71//71 481//481
f 1126//1126 481//481 76//76 527//527
f 1127//1127 537//537 106//106 538//538
f 1127//1127 538//538 104//104 535//535
f 1127//1127 535//535 105//105 536//536
f 1127//1127 536//536 53//53 537//537
f 1128//1128 540//540 108//108 541//541
f 1128//1128 541//541 104//104 538//538
f 1128//1128 538//538 106//106 539//539
f 1128//1128 539//539 107//107 540//540
f 1129//1129 530//530 101//101 543//543
f 1129//1129 543//543 104//104 541//541
f 1129//1129 541//541 108//108 542//542
f 1129//1129 542//542 102//102 530//530
f 1130//1130 535//535 104//104 543//543
f 1130//1130 543//543 101//101 528//528
f 1130//1130 528//528 75//75 544//544
f 1130//1130 544//544 105//105 535//535
f 1131//1131 492//492 82//82 546//546
f 1131//1131 546//546 109//109 545//545
f 1131//1131 545//545 52//52 435//435
f 1131//1131 435//435 51//51 492//492
f 1132//1132 547//547 110//110 548//548
f 1132//1132 548//548 109//109 546//546
f 1132//1132 546//546 82//82 490//490
f 1132//1132 490//490 81//81 547//547
f 1133//1133 539//539 106//106 550//550
f 1133//1133 550//550 109//109 548//548
f 1133//1133 548//548 110//110 549//549
f 1133//1133 549//549 107//107 539//539
f 1134//1134 545//545 109//109 550//550
f 1134//1134 550//550 106//106 537//537
f 1134//1134 537//537 53//53 437//437
f 1134//1134 437//437 52//52 545//545
f 1135//1135 552//552 112//112 553//553
f 1135//1135 553//553 111//111 551//551
f 1135//1135 551//551 86//86 497//497
f 1135//1135 497//497 85//85 552//552
f 1136//1136 555//555 114//114 556//556
f 1136//1136 556//556 111//111 553//553
f 1136//1136 553//553 112//112 554//554
f 1136//1136 554//554 113//113 555//555
f 1137//1137 551//551 111//111 556//556
f 1137//1137 556//556 114//114 557//557
f 1137//1137 557//557 79//79 499//499
f 1137//1137 499//499 86//86 551//551
f 1138//1138 559//559 116//116 560//560
f 1138//1138 560//560 115//115 558//558
f 1138//1138 558//558 95//95 515//515
f 1138//1138 515//515 94//94 559//559
f 1139//1139 562//562 117//117 563//563
f 1139//1139 563//563 115//115 560//560
f 1139//1139 560//560 116//116 561//561
f 1139//1139 561//561 113//113 562//562
f 1140//1140 558//558 115//115 563//563
f 1140//1140 563//563 117//117 564//564
f 1140//1140 564//564 90//90 517//517
f 1140//1140 517//517 95//95 558//558
f 1141//1141 566//566 119//119 567//567
f 1141//1141 567//567 118//118 565//565
f 1141//1141 565//565 99//99 523//523
f 1141//1141 523//523 98//98 566//566
f 1142//1142 561//561 116//116 569//569
f 1142//1142 569//569 118//118 567//567
f 1142//1142 567//567 119//119 568//568
f 1142//1142 568//568 113//113 561//561
f 1143//1143 565//565 118//118 569//569
f 1143//1143 569//569 116//116 559//559
f 1143//1143 559//559 94//94 525//525
f 1143//1143 525//525 99//99 565//565
f 1144//1144 571//571 121//121 572//572
f 1144//1144 572//572 120//120 570//570
f 1144//1144 570//570 103//103 531//531
f 1144//1144 531//531 102//102 571//571
f 1145//1145 568//568 119//119 574//574
f 1145//1145 574//574 120//120 572//572
f 1145//1145 572//572 121//121 573//573
f 1145//1145 573//573 113//113 568//568
f 1146//1146 570//570 120//120 574//574
f 1146//1146 574//574 119//119 566//566
f 1146//1146 566//566 98//98 533//533
f 1146//1146 533//533 103//103 570//570
f 1147//1147 576//576 123//123 577//577
f 1147//1147 577//577 122//122 575//575
f 1147//1147 575//575 110//110 547//547
f 1147//1147 547//547 81//81 576//576
f 1148//1148 579//579 124//124 580//580
f 1148//1148 580//580 122//122 577//577
f 1148//1148 577//577 123//123 578//578
f 1148//1148 578//578 113//113 579//579
f 1149//1149 575//575 122//122 580//580
f 1149//1149 580//580 124//124 581//581
f 1149//1149 581//581 107//107 549//549
f 1149//1149 549//549 110//110 575//575
f 1150//1150 583//583 126//126 584//584
f 1150//1150 584//584 125//125 582//582
f 1150//1150 582//582 114//114 555//555
f 1150//1150 555//555 113//113 583//583
f 1151//1151 586//586 128//128 587//587
f 1151//1151 587//587 125//125 584//584
f 1151//1151 584//584 126//126 585//585
f 1151//1151 585//585 127//127 586//586
f 1152//1152 589//589 130//130 590//590
f 1152//1152 590//590 125//125 587//587
f 1152//1152 587//587 128//128 588//588
f 1152//1152 588//588 129//129 589//589
f 1153//1153 582//582 125//125 590//590
f 1153//1153 590//590 130//130 591//591
f 1153//1153 591//591 79//79 557//557
f 1153//1153 557//557 114//114 582//582
f 1154//1154 593//593 132//132 594//594
f 1154//1154 594//594 131//131 592//592
f 1154//1154 592//592 123//123 576//576
f 1154//1154 576//576 81//81 593//593
f 1155//1155 588//588 128//128 596//596
f 1155//1155 596//596 131//131 594//594
f 1155//1155 594//594 132//132 595//595
f 1155//1155 595//595 129//129 588//588
f 1156//1156 585//585 126//126 597//597
f 1156//1156 597//597 131//131 596//596
f 1156//1156 596//596 128//128 586//586
f 1156//1156 586//586 127//127 585//585
f 1157//1157 592//592 131//131 597//597
f 1157//1157 597//597 126//126 583//583
f 1157//1157 583//583 113//113 578//578
f 1157//1157 578//578 123//123 592//592
f 1158//1158 591//591 130//130 599//599
f 1158//1158 599//599 133//133 598//598
f 1158//1158 598//598 80//80 487//487
f 1158//1158 487//487 79//79 591//591
f 1159//1159 595//595 132//132 600//600
f 1159//1159 600//600 133//133 599//599
f 1159//1159 599//599 130//130 589//589
f 1159//1159 589//589 129//129 595//595
f 1160//1160 598//598 133//133 600//600
f 1160//1160 600//600 132//132 593//593
f 1160//1160 593//593 81//81 489//489
f 1160//1160 489//489 80//80 598//598
f 1161//1161 602//602 135//135 603//603
f 1161//1161 603//603 134//134 601//601
f 1161//1161 601//601 54//54 438//438
f 1161//1161 438//438 53//53 602//602
f 1162//1162 605//605 137//137 606//606
f 1162//1162 606//606 134//134 603//603
f 1162//1162 603//603 135//135 604//604
f 1162//1162 604//604 136//136 605//605
f 1163//1163 608//608 139//139 609//609
f 1163//1163 609//609 134//134 606//606
f 1163//1163 606//606 137//137 607//607
f 1163//1163 607//607 138//138 608//608
f 1164//1164 601//601 134//134 609//609
f 1164//1164 609//609 139//139 610//610
f 1164//1164 610//610 3//3 440//440
f 1164//1164 440//440 54//54 601//601
f 1165//1165 612//612 141//141 613//613
f 1165//1165 613//613 140//140 611//611
f 1165//1165 611//611 105//105 544//544
f 1165//1165 544//544 75//75 612//612
f 1166//1166 615//615 143//143 616//616
f 1166//1166 616//616 140//140 613//613
f 1166//1166 613//613 141//141 614//614
f 1166//1166 614//614 142//142 615//615
f 1167//1167 604//604 135//135 618//618
f 1167//1167 618//618 140//140 616//616
f 1167//1167 616//616 143//143 617//617
f 1167//1167 617//617 136//136 604//604
f 1168//1168 611//611 140//140 618//618
f 1168//1168 618//618 135//135 602//602
f 1168//1168 602//602 53//53 536//536
f 1168//1168 536//536 105//105 611//611
f 1169//1169 620//620 145//145 621//621
f 1169//1169 621//621 144//144 619//619
f 1169//1169 619//619 74//74 476//476
f 1169//1169 476//476 45//45 620//620
f 1170//1170 623//623 147//147 624//624
f 1170//1170 624//624 144//144 621//621
f 1170//1170 621//621 145//145 622//622
f 1170//1170 622//622 146//146 623//623
f 1171//1171 614//614 141//141 626//626
f 1171//1171 626//626 144//144 624//624
f 1171//1171 624//624 147//147 625//625
f 1171//1171 625//625 142//142 614//614
f 1172//1172 619//619 144//144 626//626
f 1172//1172 626//626 141//141 612//612
f 1172//1172 612//612 75//75 478//478
f 1172//1172 478//478 74//74 619//619
f 1173//1173 610//610 139//139 628//628
f 1173//1173 628//628 148//148 627//627
f 1173//1173 627//627 47//47 430//430
f 1173//1173 430//430 3//3 610//610
f 1174//1174 629//629 149//149 630//630
f 1174//1174 630//630 148//148 628//628
f 1174//1174 628//628 139//139 608//608
f 1174//1174 608//608 138//138 629//629
f 1175//1175 622//622 145//145 632//632
f 1175//1175 632//632 148//148 630//630
f 1175//1175 630//630 149//149 631//631
f 1175//1175 631//631 146//146 622//622
f 1176//1176 627//627 148//148 632//632
f 1176//1176 632//632 145//145 620//620
f 1176//1176 620//620 45//45 424//424
f 1176//1176 424//424 47//47 627//627
f 1177//1177 634//634 151//151 635//635
f 1177//1177 635//635 150//150 633//633
f 1177//1177 633//633 23//23 392//392
f 1177//1177 392//392 27//27 634//634
f 1178//1178 637//637 153//153 638//638
f 1178//1178 638//638 150//150 635//635
f 1178//1178 635//635 151//151 636//636
f 1178//1178 636//636 152//152 637//637
f 1179//1179 640//640 155//155 641//641
f 1179//1179 641//641 150//150 638//638
f 1179//1179 638//638 153//153 639//639
f 1179//1179 639//639 154//154 640//640
f 1180//1180 633//633 150//150 641//641
f 1180//1180 641//641 155//155 642//642
f 1180//1180 642//642 21//21 384//384
f 1180//1180 384//384 23//23 633//633
f 1181//1181 644//644 157//157 645//645
f 1181//1181 645//645 156//156 643//643
f 1181//1181 643//643 68//68 464//464
f 1181//1181 464//464 67//67 644//644
f 1182//1182 647//647 159//159 648//648
f 1182//1182 648//648 156//156 645//645
f 1182//1182 645//645 157//157 646//646
f 1182//1182 646//646 158//158 647//647
f 1183//1183 636//636 151//151 650//650
f 1183//1183 650//650 156//156 648//648
f 1183//1183 648//648 159//159 649//649
f 1183//1183 649//649 152//152 636//636
f 1184//1184 643//643 156//156 650//650
f 1184//1184 650//650 151//151 634//634
f 1184//1184 634//634 27//27 466//466
f 1184//1184 466//466 68//68 643//643
f 1185//1185 652//652 161//161 653//653
f 1185//1185 653//653 160//160 651//651
f 1185//1185 651//651 88//88 510//510
f 1185//1185 510//510 61//61 652//652
f 1186//1186 655//655 163//163 656//656
f 1186//1186 656//656 160//160 653//653
f 1186//1186 653//653 161//161 654//654
f 1186//1186 654//654 162//162 655//655
f 1187//1187 646//646 157//157 658//658
f 1187//1187 658//658 160//160 656//656
f 1187//1187 656//656 163//163 657//657
f 1187//1187 657//657 158//158 646//646
f 1188//1188 651//651 160//160 658//658
f 1188//1188 658//658 157//157 644//644
f 1188//1188 644//644 67//67 502//502
f 1188//1188 502//502 88//88 651//651
f 1189//1189 642//642 155//155 660//660
f 1189//1189 660//660 164//164 659//659
f 1189//1189 659//659 60//60 450//450
f 1189//1189 450//450 21//21 642//642
f 1190//1190 661//661 165//165 662//662
f 1190//1190 662//662 164//164 660//660
f 1190//1190 660//660 155//155 640//640
f 1190//1190 640//640 154//154 661//661
f 1191//1191 654//654 161//161 664//664
f 1191//1191 664//664 164//164 662//662
f 1191//1191 662//662 165//165 663//663
f 1191//1191 663//663 162//162 654//654
f 1192//1192 659//659 164//164 664//664
f 1192//1192 664//664 161//161 652//652
f 1192//1192 652//652 61//61 452//452
f 1192//1192 452//452 60//60 659//659
f 1193//1193 666//666 167//167 667//667
f 1193//1193 667//667 166//166 665//665
f 1193//1193 665//665 91//91 506//506
f 1193//1193 506//506 90//90 666//666
f 1194//1194 669//669 169//169 670//670
f 1194//1194 670//670 166//166 667//667
f 1194//1194 667//667 167//167 668//668
f 1194//1194 668//668 168//168 669//669
f 1195//1195 665//665 166//166 670//670
f 1195//1195 670//670 169//169 671//671
f 1195//1195 671//671 85//85 508//508
f 1195//1195 508//508 91//91 665//665
f 1196//1196 673//673 171//171 674//674
f 1196//1196 674//674 170//170 672//672
f 1196//1196 672//672 117//117 562//562
f 1196//1196 562//562 113//113 673//673
f 1197//1197 676//676 173//173 677//677
f 1197//1197 677//677 170//170 674//674
f 1197//1197 674//674 171//171 675//675
f 1197//1197 675//675 172//172 676//676
f 1198//1198 668//668 167//167 679//679
f 1198//1198 679//679 170//170 677//677
f 1198//1198 677//677 173//173 678//678
f 1198//1198 678//678 168//168 668//668
f 1199//1199 672//672 170//170 679//679
f 1199//1199 679//679 167//167 666//666
f 1199//1199 666//666 90//90 564//564
f 1199//1199 564//564 117//117 672//672
f 1200//1200 671//671 169//169 681//681
f 1200//1200 681//681 174//174 680//680
f 1200//1200 680//680 112//112 552//552
f 1200//1200 552//552 85//85 671//671
f 1201//1201 678//678 173//173 682//682
f 1201//1201 682//682 174//174 681//681
f 1201//1201 681//681 169//169 669//669
f 1201//1201 669//669 168//168 678//678
f 1202//1202 675//675 171//171 683//683
f 1202//1202 683//683 174//174 682//682
f 1202//1202 682//682 173//173 676//676
f 1202//1202 676//676 172//172 675//675
f 1203//1203 680//680 174//174 683//683
f 1203//1203 683//683 171//171 673//673
f 1203//1203 673//673 113//113 554//554
f 1203//1203 554//554 112//112 680//680
f 1204//1204 685//685 176//176 686//686
f 1204//1204 686//686 175//175 684//684
f 1204//1204 684//684 108//108 540//540
f 1204//1204 540//540 107//107 685//685
f 1205//1205 688//688 178//178 689//689
f 1205//1205 689//689 175//175 686//686
f 1205//1205 686//686 176//176 687//687
f 1205//1205 687//687 177//177 688//688
f 1206//1206 684//684 175//175 689//689
f 1206//1206 689//689 178//178 690//690
f 1206//1206 690//690 102//102 542//542
f 1206//1206 542//542 108//108 684//684
f 1207//1207 692//692 180//180 693//693
f 1207//1207 693//693 179//179 691//691
f 1207//1207 691//691 124//124 579//579
f 1207//1207 579//579 113//113 692//692
f 1208//1208 695//695 182//182 696//696
f 1208//1208 696//696 179//179 693//693
f 1208//1208 693//693 180//180 694//694
f 1208//1208 694//694 181//181 695//695
f 1209//1209 687//687 176//176 698//698
f 1209//1209 698//698 179//179 696//696
f 1209//1209 696//696 182//182 697//697
f 1209//1209 697//697 177//177 687//687
f 1210//1210 691//691 179//179 698//698
f 1210//1210 698//698 176//176 685//685
f 1210//1210 685//685 107//107 581//581
f 1210//1210 581//581 124//124 691//691
f 1211//1211 690//690 178//178 700//700
f 1211//1211 700//700 183//183 699//699
f 1211//1211 699//699 121//121 571//571
f 1211//1211 571//571 102//102 690//690
f 1212//1212 697//697 182//182 701//701
f 1212//1212 701//701 183//183 700//700
f 1212//1212 700//700 178//178 688//688
f 1212//1212 688//688 177//177 697//697
f 1213//1213 694//694 180//180 702//702
f 1213//1213 702//702 183//183 701//701
f 1213//1213 701//701 182//182 695//695
f 1213//1213 695//695 181//181 694//694
f 1214//1214 699//699 183//183 702//702
f 1214//1214 702//702 180//180 692//692
f 1214//1214 692//692 113//113 573//573
f 1214//1214 573//573 121//121 699//699
f 1215//1215 704//704 185//185 705//705
f 1215//1215 705//705 184//184 703//703
f 1215//1215 703//703 143//143 615//615
f 1215//1215 615//615 142//142 704//704
f 1216//1216 707//707 187//187 708//708
f 1216//1216 708//708 184//184 705//705
f 1216//1216 705//705 185//185 706//706
f 1216//1216 706//706 186//186 707//707
f 1217//1217 710//710 189//189 711//711
f 1217//1217 711//711 184//184 708//708
f 1217//1217 708//708 187//187 709//709
f 1217//1217 709//709 188//188 710//710
f 1218//1218 703//703 184//184 711//711
f 1218//1218 711//711 189//189 712//712
f 1218//1218 712//712 136//136 617//617
f 1218//1218 617//617 143//143 703//703
f 1219//1219 715//715 193//193 716//716
f 1219//1219 716//716 190//190 713//713
f 1219//1219 713//713 191//191 714//714
f 1219//1219 714//714 192//192 715//715
f 1220//1220 718//718 195//195 719//719
f 1220//1220 719//719 190//190 716//716
f 1220//1220 716//716 193//193 717//717
f 1220//1220 717//717 194//194 718//718
f 1221//1221 721//721 197//197 722//722
f 1221//1221 722//722 190//190 719//719
f 1221//1221 719//719 195//195 720//720
f 1221//1221 720//720 196//196 721//721
f 1222//1222 713//713 190//190 722//722
f 1222//1222 722//722 197//197 723//723
f 1222//1222 723//723 198//198 724//724
f 1222//1222 724//724 191//191 713//713
f 1223//1223 726//726 200//200 727//727
f 1223//1223 727//727 199//199 725//725
f 1223//1223 725//725 149//149 629//629
f 1223//1223 629//629 138//138 726//726
f 1224//1224 729//729 202//202 730//730
f 1224//1224 730//730 199//199 727//727
f 1224//1224 727//727 200//200 728//728
f 1224//1224 728//728 201//201 729//729
f 1225//1225 732//732 204//204 733//733
f 1225//1225 733//733 199//199 730//730
f 1225//1225 730//730 202//202 731//731
f 1225//1225 731//731 203//203 732//732
f 1226//1226 725//725 199//199 733//733
f 1226//1226 733//733 204//204 734//734
f 1226//1226 734//734 146//146 631//631
f 1226//1226 631//631 149//149 725//725
f 1227//1227 712//712 189//189 736//736
f 1227//1227 736//736 205//205 735//735
f 1227//1227 735//735 137//137 605//605
f 1227//1227 605//605 136//136 712//712
f 1228//1228 737//737 206//206 738//738
f 1228//1228 738//738 205//205 736//736
f 1228//1228 736//736 189//189 710//710
f 1228//1228 710//710 188//188 737//737
f 1229//1229 728//728 200//200 740//740
f 1229//1229 740//740 205//205 738//738
f 1229//1229 738//738 206//206 739//739
f 1229//1229 739//739 201//201 728//728
f 1230//1230 735//735 205//205 740//740
f 1230//1230 740//740 200//200 726//726
f 1230//1230 726//726 138//138 607//607
f 1230//1230 607//607 137//137 735//735
f 1231//1231 743//743 209//209 744//744
f 1231//1231 744//744 207//207 741//741
f 1231//1231 741//741 208//208 742//742
f 1231//1231 742//742 203//203 743//743
f 1232//1232 746//746 211//211 747//747
f 1232//1232 747//747 207//207 744//744
f 1232//1232 744//744 209//209 745//745
f 1232//1232 745//745 210//210 746//746
f 1233//1233 749//749 213//213 750//750
f 1233//1233 750//750 207//207 747//747
f 1233//1233 747//747 211//211 748//748
f 1233//1233 748//748 212//212 749//749
f 1234//1234 741//741 207//207 750//750
f 1234//1234 750//750 213//213 751//751
f 1234//1234 751//751 186//186 752//752
f 1234//1234 752//752 208//208 741//741
f 1235//1235 754//754 215//215 755//755
f 1235//1235 755//755 214//214 753//753
f 1235//1235 753//753 202//202 729//729
f 1235//1235 729//729 201//201 754//754
f 1236//1236 745//745 209//209 757//757
f 1236//1236 757//757 214//214 755//755
f 1236//1236 755//755 215//215 756//756
f 1236//1236 756//756 210//210 745//745
f 1237//1237 753//753 214//214 757//757
f 1237//1237 757//757 209//209 743//743
f 1237//1237 743//743 203//203 731//731
f 1237//1237 731//731 202//202 753//753
f 1238//1238 759//759 217//217 760//760
f 1238//1238 760//760 216//216 758//758
f 1238//1238 758//758 206//206 737//737
f 1238//1238 737//737 188//188 759//759
f 1239//1239 748//748 211//211 762//762
f 1239//1239 762//762 216//216 760//760
f 1239//1239 760//760 217//217 761//761
f 1239//1239 761//761 212//212 748//748
f 1240//1240 756//756 215//215 763//763
f 1240//1240 763//763 216//216 762//762
f 1240//1240 762//762 211//211 746//746
f 1240//1240 746//746 210//210 756//756
f 1241//1241 758//758 216//216 763//763
f 1241//1241 763//763 215//215 754//754
f 1241//1241 754//754 201//201 739//739
f 1241//1241 739//739 206//206 758//758
f 1242//1242 751//751 213//213 765//765
f 1242//1242 765//765 218//218 764//764
f 1242//1242 764//764 187//187 707//707
f 1242//1242 707//707 186//186 751//751
f 1243//1243 761//761 217//217 766//766
f 1243//1243 766//766 218//218 765//765
f 1243//1243 765//765 213//213 749//749
f 1243//1243 749//749 212//212 761//761
f 1244//1244 764//764 218//218 766//766
f 1244//1244 766//766 217//217 759//759
f 1244//1244 759//759 188//188 709//709
f 1244//1244 709//709 187//187 764//764
f 1245//1245 769//769 222//222 770//770
f 1245//1245 770//770 219//219 767//767
f 1245//1245 767//767 220//220 768//768
f 1245//1245 768//768 221//221 769//769
f 1246//1246 772//772 224//224 773//773
f 1246//1246 773//773 219//219 770//770
f 1246//1246 770//770 222//222 771//771
f 1246//1246 771//771 223//223 772//772
f 1247//1247 775//775 226//226 776//776
f 1247//1247 776//776 219//219 773//773
f 1247//1247 773//773 224//224 774//774
f 1247//1247 774//774 225//225 775//775
f 1248//1248 767//767 219//219 776//776
f 1248//1248 776//776 226//226 777//777
f 1248//1248 777//777 227//227 778//778
f 1248//1248 778//778 220//220 767//767
f 1249//1249 780//780 229//229 781//781
f 1249//1249 781//781 228//228 779//779
f 1249//1249 779//779 163//163 655//655
f 1249//1249 655//655 162//162 780//780
f 1250//1250 783//783 231//231 784//784
f 1250//1250 784//784 228//228 781//781
f 1250//1250 781//781 229//229 782//782
f 1250//1250 782//782 230//230 783//783
f 1251//1251 786//786 233//233 787//787
f 1251//1251 787//787 228//228 784//784
f 1251//1251 784//784 231//231 785//785
f 1251//1251 785//785 232//232 786//786
f 1252//1252 779//779 228//228 787//787
f 1252//1252 787//787 233//233 788//788
f 1252//1252 788//788 158//158 657//657
f 1252//1252 657//657 163//163 779//779
f 1253//1253 790//790 235//235 791//791
f 1253//1253 791//791 234//234 789//789
f 1253//1253 789//789 165//165 661//661
f 1253//1253 661//661 154//154 790//790
f 1254//1254 793//793 237//237 794//794
f 1254//1254 794//794 234//234 791//791
f 1254//1254 791//791 235//235 792//792
f 1254//1254 792//792 236//236 793//793
f 1255//1255 782//782 229//229 796//796
f 1255//1255 796//796 234//234 794//794
f 1255//1255 794//794 237//237 795//795
f 1255//1255 795//795 230//230 782//782
f 1256//1256 789//789 234//234 796//796
f 1256//1256 796//796 229//229 780//780
f 1256//1256 780//780 162//162 663//663
f 1256//1256 663//663 165//165 789//789
f 1257//1257 798//798 239//239 799//799
f 1257//1257 799//799 238//238 797//797
f 1257//1257 797//797 153//153 637//637
f 1257//1257 637//637 152//152 798//798
f 1258//1258 801//801 241//241 802//802
f 1258//1258 802//802 238//238 799//799
f 1258//1258 799//799 239//239 800//800
f 1258//1258 800//800 240//240 801//801
f 1259//1259 792//792 235//235 804//804
f 1259//1259 804//804 238//238 802//802
f 1259//1259 802//802 241//241 803//803
f 1259//1259 803//803 236//236 792//792
f 1260//1260 797//797 238//238 804//804
f 1260//1260 804//804 235//235 790//790
f 1260//1260 790//790 154//154 639//639
f 1260//1260 639//639 153//153 797//797
f 1261//1261 806//806 243//243 807//807
f 1261//1261 807//807 242//242 805//805
f 1261//1261 805//805 231//231 783//783
f 1261//1261 783//783 230//230 806//806
f 1262//1262 809//809 245//245 810//810
f 1262//1262 810//810 242//242 807//807
f 1262//1262 807//807 243//243 808//808
f 1262//1262 808//808 244//244 809//809
f 1263//1263 805//805 242//242 810//810
f 1263//1263 810//810 245//245 811//811
f 1263//1263 811//811 232//232 785//785
f 1263//1263 785//785 231//231 805//805
f 1264//1264 813//813 247//247 814//814
f 1264//1264 814//814 246//246 812//812
f 1264//1264 812//812 237//237 793//793
f 1264//1264 793//793 236//236 813//813
f 1265//1265 816//816 249//249 817//817
f 1265//1265 817//817 246//246 814//814
f 1265//1265 814//814 247//247 815//815
f 1265//1265 815//815 248//248 816//816
f 1266//1266 808//808 243//243 819//819
f 1266//1266 819//819 246//246 817//817
f 1266//1266 817//817 249//249 818//818
f 1266//1266 818//818 244//244 808//808
f 1267//1267 812//812 246//246 819//819
f 1267//1267 819//819 243//243 806//806
f 1267//1267 806//806 230//230 795//795
f 1267//1267 795//795 237//237 812//812
f 1268//1268 821//821 251//251 822//822
f 1268//1268 822//822 250//250 820//820
f 1268//1268 820//820 241//241 801//801
f 1268//1268 801//801 240//240 821//821
f 1269//1269 815//815 247//247 824//824
f 1269//1269 824//824 250//250 822//822
f 1269//1269 822//822 251//251 823//823
f 1269//1269 823//823 248//248 815//815
f 1270//1270 820//820 250//250 824//824
f 1270//1270 824//824 247//247 813//813
f 1270//1270 813//813 236//236 803//803
f 1270//1270 803//803 241//241 820//820
f 1271//1271 811//811 245//245 827//827
f 1271//1271 827//827 252//252 825//825
f 1271//1271 825//825 253//253 826//826
f 1271//1271 826//826 232//232 811//811
f 1272//1272 818//818 249//249 828//828
f 1272//1272 828//828 252//252 827//827
f 1272//1272 827//827 245//245 809//809
f 1272//1272 809//809 244//244 818//818
f 1273//1273 823//823 251//251 829//829
f 1273//1273 829//829 252//252 828//828
f 1273//1273 828//828 249//249 816//816
f 1273//1273 816//816 248//248 823//823
f 1274//1274 825//825 252//252 829//829
f 1274//1274 829//829 251//251 821//821
f 1274//1274 821//821 240//240 830//830
f 1274//1274 830//830 253//253 825//825
f 1275//1275 832//832 255//255 833//833
f 1275//1275 833//833 254//254 831//831
f 1275//1275 831//831 159//159 647//647
f 1275//1275 647//647 158//158 832//832
f 1276//1276 771//771 222//222 835//835
f 1276//1276 835//835 254//254 833//833
f 1276//1276 833//833 255//255 834//834
f 1276//1276 834//834 223//223 771//771
f 1277//1277 836//836 256//256 837//837
f 1277//1277 837//837 254//254 835//835
f 1277//1277 835//835 222//222 769//769
f 1277//1277 769//769 221//221 836//836
f 1278//1278 831//831 254//254 837//837
f 1278//1278 837//837 256//256 838//838
f 1278//1278 838//838 152//152 649//649
f 1278//1278 649//649 159//159 831//831
f 1279//1279 841//841 260//260 842//842
f 1279//1279 842//842 257//257 839//839
f 1279//1279 839//839 258//258 840//840
f 1279//1279 840//840 259//259 841//841
f 1280//1280 844//844 262//262 845//845
f 1280//1280 845//845 257//257 842//842
f 1280//1280 842//842 260//260 843//843
f 1280//1280 843//843 261//261 844//844
f 1281//1281 847//847 264//264 848//848
f 1281//1281 848//848 257//257 845//845
f 1281//1281 845//845 262//262 846//846
f 1281//1281 846//846 263//263 847//847
f 1282//1282 839//839 257//257 848//848
f 1282//1282 848//848 264//264 849//849
f 1282//1282 849//849 265//265 850//850
f 1282//1282 850//850 258//258 839//839
f 1283//1283 852//852 267//267 853//853
f 1283//1283 853//853 266//266 851//851
f 1283//1283 851//851 253//253 830//830
f 1283//1283 830//830 240//240 852//852
f 1284//1284 777//777 226//226 855//855
f 1284//1284 855//855 266//266 853//853
f 1284//1284 853//853 267//267 854//854
f 1284//1284 854//854 227//227 777//777
f 1285//1285 856//856 268//268 857//857
f 1285//1285 857//857 266//266 855//855
f 1285//1285 855//855 226//226 775//775
f 1285//1285 775//775 225//225 856//856
f 1286//1286 851//851 266//266 857//857
f 1286//1286 857//857 268//268 858//858
f 1286//1286 858//858 232//232 826//826
f 1286//1286 826//826 253//253 851//851
f 1287//1287 861//861 272//272 862//862
f 1287//1287 862//862 269//269 859//859
f 1287//1287 859//859 270//270 860//860
f 1287//1287 860//860 271//271 861//861
f 1288//1288 864//864 274//274 865//865
f 1288//1288 865//865 269//269 862//862
f 1288//1288 862//862 272//272 863//863
f 1288//1288 863//863 273//273 864//864
f 1289//1289 867//867 276//276 868//868
f 1289//1289 868//868 269//269 865//865
f 1289//1289 865//865 274//274 866//866
f 1289//1289 866//866 275//275 867//867
f 1290//1290 859//859 269//269 868//868
f 1290//1290 868//868 276//276 869//869
f 1290//1290 869//869 277//277 870//870
f 1290//1290 870//870 270//270 859//859
f 1291//1291 872//872 279//279 873//873
f 1291//1291 873//873 278//278 871//871
f 1291//1291 871//871 147//147 623//623
f 1291//1291 623//623 146//146 872//872
f 1292//1292 717//717 193//193 875//875
f 1292//1292 875//875 278//278 873//873
f 1292//1292 873//873 279//279 874//874
f 1292//1292 874//874 194//194 717//717
f 1293//1293 876//876 280//280 877//877
f 1293//1293 877//877 278//278 875//875
f 1293//1293 875//875 193//193 715//715
f 1293//1293 715//715 192//192 876//876
f 1294//1294 871//871 278//278 877//877
f 1294//1294 877//877 280//280 878//878
f 1294//1294 878//878 142//142 625//625
f 1294//1294 625//625 147//147 871//871
f 1295//1295 881//881 284//284 882//882
f 1295//1295 882//882 281//281 879//879
f 1295//1295 879//879 282//282 880//880
f 1295//1295 880//880 283//283 881//881
f 1296//1296 884//884 286//286 885//885
f 1296//1296 885//885 281//281 882//882
f 1296//1296 882//882 284//284 883//883
f 1296//1296 883//883 285//285 884//884
f 1297//1297 887//887 288//288 888//888
f 1297//1297 888//888 281//281 885//885
f 1297//1297 885//885 286//286 886//886
f 1297//1297 886//886 287//287 887//887
f 1298//1298 879//879 281//281 888//888
f 1298//1298 888//888 288//288 889//889
f 1298//1298 889//889 289//289 890//890
f 1298//1298 890//890 282//282 879//879
f 1299//1299 892//892 291//291 893//893
f 1299//1299 893//893 290//290 891//891
f 1299//1299 891//891 208//208 752//752
f 1299//1299 752//752 186//186 892//892
f 1300//1300 723//723 197//197 895//895
f 1300//1300 895//895 290//290 893//893
f 1300//1300 893//893 291//291 894//894
f 1300//1300 894//894 198//198 723//723
f 1301//1301 896//896 292//292 897//897
f 1301//1301 897//897 290//290 895//895
f 1301//1301 895//895 197//197 721//721
f 1301//1301 721//721 196//196 896//896
f 1302//1302 891//891 290//290 897//897
f 1302//1302 897//897 292//292 898//898
f 1302//1302 898//898 203//203 742//742
f 1302//1302 742//742 208//208 891//891
f 1303//1303 901//901 296//296 902//902
f 1303//1303 902//902 293//293 899//899
f 1303//1303 899//899 294//294 900//900
f 1303//1303 900//900 295//295 901//901
f 1304//1304 904//904 298//298 905//905
f 1304//1304 905//905 293//293 902//902
f 1304//1304 902//902 296//296 903//903
f 1304//1304 903//903 297//297 904//904
f 1305//1305 907//907 300//300 908//908
f 1305//1305 908//908 293//293 905//905
f 1305//1305 905//905 298//298 906//906
f 1305//1305 906//906 299//299 907//907
f 1306//1306 899//899 293//293 908//908
f 1306//1306 908//908 300//300 909//909
f 1306//1306 909//909 301//301 910//910
f 1306//1306 910//910 294//294 899//899
f 1307//1307 912//912 303//303 913//913
f 1307//1307 913//913 302//302 911//911
f 1307//1307 911//911 204//204 732//732
f 1307//1307 732//732 203//203 912//912
f 1308//1308 883//883 284//284 915//915
f 1308//1308 915//915 302//302 913//913
f 1308//1308 913//913 303//303 914//914
f 1308//1308 914//914 285//285 883//883
f 1309//1309 916//916 304//304 917//917
f 1309//1309 917//917 302//302 915//915
f 1309//1309 915//915 284//284 881//881
f 1309//1309 881//881 283//283 916//916
f 1310//1310 911//911 302//302 917//917
f 1310//1310 917//917 304//304 918//918
f 1310//1310 918//918 146//146 734//734
f 1310//1310 734//734 204//204 911//911
f 1311//1311 920//920 306//306 921//921
f 1311//1311 921//921 305//305 919//919
f 1311//1311 919//919 292//292 896//896
f 1311//1311 896//896 196//196 920//920
f 1312//1312 886//886 286//286 923//923
f 1312//1312 923//923 305//305 921//921
f 1312//1312 921//921 306//306 922//922
f 1312//1312 922//922 287//287 886//886
f 1313//1313 914//914 303//303 924//924
f 1313//1313 924//924 305//305 923//923
f 1313//1313 923//923 286//286 884//884
f 1313//1313 884//884 285//285 914//914
f 1314//1314 919//919 305//305 924//924
f 1314//1314 924//924 303//303 912//912
f 1314//1314 912//912 203//203 898//898
f 1314//1314 898//898 292//292 919//919
f 1315//1315 926//926 308//308 927//927
f 1315//1315 927//927 307//307 925//925
f 1315//1315 925//925 195//195 718//718
f 1315//1315 718//718 194//194 926//926
f 1316//1316 889//889 288//288 929//929
f 1316//1316 929//929 307//307 927//927
f 1316//1316 927//927 308//308 928//928
f 1316//1316 928//928 289//289 889//889
f 1317//1317 922//922 306//306 930//930
f 1317//1317 930//930 307//307 929//929
f 1317//1317 929//929 288//288 887//887
f 1317//1317 887//887 287//287 922//922
f 1318//1318 925//925 307//307 930//930
f 1318//1318 930//930 306//306 920//920
f 1318//1318 920//920 196//196 720//720
f 1318//1318 720//720 195//195 925//925
f 1319//1319 918//918 304//304 932//932
f 1319//1319 932//932 309//309 931//931
f 1319//1319 931//931 279//279 872//872
f 1319//1319 872//872 146//146 918//918
f 1320//1320 880//880 282//282 933//933
f 1320//1320 933//933 309//309 932//932
f 1320//1320 932//932 304//304 916//916
f 1320//1320 916//916 283//283 880//880
f 1321//1321 928//928 308//308 934//934
f 1321//1321 934//934 309//309 933//933
f 1321//1321 933//933 282//282 890//890
f 1321//1321 890//890 289//289 928//928
f 1322//1322 931//931 309//309 934//934
f 1322//1322 934//934 308//308 926//926
f 1322//1322 926//926 194//194 874//874
f 1322//1322 874//874 279//279 931//931
f 1323//1323 936//936 311//311 937//937
f 1323//1323 937//937 310//310 935//935
f 1323//1323 935//935 256//256 836//836
f 1323//1323 836//836 221//221 936//936
f 1324//1324 863//863 272//272 939//939
f 1324//1324 939//939 310//310 937//937
f 1324//1324 937//937 311//311 938//938
f 1324//1324 938//938 273//273 863//863
f 1325//1325 940//940 312//312 941//941
f 1325//1325 941//941 310//310 939//939
f 1325//1325 939//939 272//272 861//861
f 1325//1325 861//861 271//271 940//940
f 1326//1326 935//935 310//310 941//941
f 1326//1326 941//941 312//312 942//942
f 1326//1326 942//942 152//152 838//838
f 1326//1326 838//838 256//256 935//935
f 1327//1327 944//944 314//314 945//945
f 1327//1327 945//945 313//313 943//943
f 1327//1327 943//943 220//220 778//778
f 1327//1327 778//778 227//227 944//944
f 1328//1328 866//866 274//274 947//947
f 1328//1328 947//947 313//313 945//945
f 1328//1328 945//945 314//314 946//946
f 1328//1328 946//946 275//275 866//866
f 1329//1329 938//938 311//311 948//948
f 1329//1329 948//948 313//313 947//947
f 1329//1329 947//947 274//274 864//864
f 1329//1329 864//864 273//273 938//938
f 1330//1330 943//943 313//313 948//948
f 1330//1330 948//948 311//311 936//936
f 1330//1330 936//936 221//221 768//768
f 1330//1330 768//768 220//220 943//943
f 1331//1331 950//950 316//316 951//951
f 1331//1331 951//951 315//315 949//949
f 1331//1331 949//949 267//267 852//852
f 1331//1331 852//852 240//240 950//950
f 1332//1332 869//869 276//276 953//953
f 1332//1332 953//953 315//315 951//951
f 1332//1332 951//951 316//316 952//952
f 1332//1332 952//952 277//277 869//869
f 1333//1333 946//946 314//314 954//954
f 1333//1333 954//954 315//315 953//953
f 1333//1333 953//953 276//276 867//867
f 1333//1333 867//867 275//275 946//946
f 1334//1334 949//949 315//315 954//954
f 1334//1334 954//954 314//314 944//944
f 1334//1334 944//944 227//227 854//854
f 1334//1334 854//854 267//267 949//949
f 1335//1335 942//942 312//312 956//956
f 1335//1335 956//956 317//317 955//955
f 1335//1335 955//955 239//239 798//798
f 1335//1335 798//798 152//152 942//942
f 1336//1336 860//860 270//270 957//957
f 1336//1336 957//957 317//317 956//956
f 1336//1336 956//956 312//312 940//940
f 1336//1336 940//940 271//271 860//860
f 1337//1337 952//952 316//316 958//958
f 1337//1337 958//958 317//317 957//957
f 1337//1337 957//957 270//270 870//870
f 1337//1337 870//870 277//277 952//952
f 1338//1338 955//955 317//317 958//958
f 1338//1338 958//958 316//316 950//950
f 1338//1338 950//950 240//240 800//800
f 1338//1338 800//800 239//239 955//955
f 1339//1339 960//960 319//319 961//961
f 1339//1339 961//961 318//318 959//959
f 1339//1339 959//959 233//233 786//786
f 1339//1339 786//786 232//232 960//960
f 1340//1340 843//843 260//260 963//963
f 1340//1340 963//963 318//318 961//961
f 1340//1340 961//961 319//319 962//962
f 1340//1340 962//962 261//261 843//843
f 1341//1341 964//964 320//320 965//965
f 1341//1341 965//965 318//318 963//963
f 1341//1341 963//963 260//260 841//841
f 1341//1341 841//841 259//259 964//964
f 1342//1342 959//959 318//318 965//965
f 1342//1342 965//965 320//320 966//966
f 1342//1342 966//966 158//158 788//788
f 1342//1342 788//788 233//233 959//959
f 1343//1343 968//968 322//322 969//969
f 1343//1343 969//969 321//321 967//967
f 1343//1343 967//967 268//268 856//856
f 1343//1343 856//856 225//225 968//968
f 1344//1344 846//846 262//262 971//971
f 1344//1344 971//971 321//321 969//969
f 1344//1344 969//969 322//322 970//970
f 1344//1344 970//970 263//263 846//846
f 1345//1345 962//962 319//319 972//972
f 1345//1345 972//972 321//321 971//971
f 1345//1345 971//971 262//262 844//844
f 1345//1345 844//844 261//261 962//962
f 1346//1346 967//967 321//321 972//972
f 1346//1346 972//972 319//319 960//960
f 1346//1346 960//960 232//232 858//858
f 1346//1346 858//858 268//268 967//967
f 1347//1347 974//974 324//324 975//975
f 1347//1347 975//975 323//323 973//973
f 1347//1347 973//973 224//224 772//772
f 1347//1347 772//772 223//223 974//974
f 1348//1348 849//849 264//264 977//977
f 1348//1348 977//977 323//323 975//975
f 1348//1348 975//975 324//324 976//976
f 1348//1348 976//976 265//265 849//849
f 1349//1349 970//970 322//322 978//978
f 1349//1349 978//978 323//323 977//977
f 1349//1349 977//977 264//264 847//847
f 1349//1349 847//847 263//263 970//970
f 1350//1350 973//973 323//323 978//978
f 1350//1350 978//978 322//322 968//968
f 1350//1350 968//968 225//225 774//774
f 1350//1350 774//774 224//224 973//973
f 1351//1351 966//966 320//320 980//980
f 1351//1351 980//980 325//325 979//979
f 1351//1351 979//979 255//255 832//832
f 1351//1351 832//832 158//158 966//966
f 1352//1352 840//840 258//258 981//981
f 1352//1352 981//981 325//325 980//980
f 1352//1352 980//980 320//320 964//964
f 1352//1352 964//964 259//259 840//840
f 1353//1353 976//976 324//324 982//982
f 1353//1353 982//982 325//325 981//981
f 1353//1353 981//981 258//258 850//850
f 1353//1353 850//850 265//265 976//976
f 1354//1354 979//979 325//325 982//982
f 1354//1354 982//982 324//324 974//974
f 1354//1354 974//974 223//223 834//834
f 1354//1354 834//834 255//255 979//979
f 1355//1355 984//984 327//327 985//985
f 1355//1355 985//985 326//326 983//983
f 1355//1355 983//983 280//280 876//876
f 1355//1355 876//876 192//192 984//984
f 1356//1356 903//903 296//296 987//987
f 1356//1356 987//987 326//326 985//985
f 1356//1356 985//985 327//327 986//986
f 1356//1356 986//986 297//297 903//903
f 1357//1357 988//988 328//328 989//989
f 1357//1357 989//989 326//326 987//987
f 1357//1357 987//987 296//296 901//901
f 1357//1357 901//901 295//295 988//988
f 1358//1358 983//983 326//326 989//989
f 1358//1358 989//989 328//328 990//990
f 1358//1358 990//990 142//142 878//878
f 1358//1358 878//878 280//280 983//983
f 1359//1359 992//992 330//330 993//993
f 1359//1359 993//993 329//329 991//991
f 1359//1359 991//991 191//191 724//724
f 1359//1359 724//724 198//198 992//992
f 1360//1360 906//906 298//298 995//995
f 1360//1360 995//995 329//329 993//993
f 1360//1360 993//993 330//330 994//994
f 1360//1360 994//994 299//299 906//906
f 1361//1361 986//986 327//327 996//996
f 1361//1361 996//996 329//329 995//995
f 1361//1361 995//995 298//298 904//904
f 1361//1361 904//904 297//297 986//986
f 1362//1362 991//991 329//329 996//996
f 1362//1362 996//996 327//327 984//984
f 1362//1362 984//984 192//192 714//714
f 1362//1362 714//714 191//191 991//991
f 1363//1363 998//998 332//332 999//999
f 1363//1363 999//999 331//331 997//997
f 1363//1363 997//997 291//291 892//892
f 1363//1363 892//892 186//186 998//998
f 1364//1364 909//909 300//300 1001//1001
f 1364//1364 1001//1001 331//331 999//999
f 1364//1364 999//999 332//332 1000//1000
f 1364//1364 1000//1000 301//301 909//909
f 1365//1365 994//994 330//330 1002//1002
f 1365//1365 1002//1002 331//331 1001//1001
f 1365//1365 1001//1001 300//300 907//907
f 1365//1365 907//907 299//299 994//994
f 1366//1366 997//997 331//331 1002//1002
f 1366//1366 1002//1002 330//330 992//992
f 1366//1366 992//992 198//198 894//894
f 1366//1366 894//894 291//291 997//997
f 1367//1367 990//990 328//328 1004//1004
f 1367//1367 1004//1004 333//333 1003//1003
f 1367//1367 1003//1003 185//185 704//704
f 1367//1367 704//704 142//142 990//990
f 1368//1368 900//900 294//294 1005//1005
f 1368//1368 1005//1005 333//333 1004//1004
f 1368//1368 1004//1004 328//328 988//988
f 1368//1368 988//988 295//295 900//900
f 1369//1369 1000//1000 332//332 1006//1006
f 1369//1369 1006//1006 333//333 1005//1005
f 1369//1369 1005//1005 294//294 910//910
f 1369//1369 910//910 301//301 1000//1000
f 1370//1370 1003//1003 333//333 1006//1006
f 1370//1370 1006//1006 332//332 998//998
f 1370//1370 998//998 186//186 706//706
f 1370//1370 706//706 185//185 1003//1003
f 1371//1371 1008//1008 335//335 1009//1009
f 1371//1371 1009//1009 334//334 1007//1007
f 1371//1371 1007//1007 48//48 426//426
f 1371//1371 426//426 43//43 1008//1008
f 1372//1372 1011//1011 337//337 1012//1012
f 1372//1372 1012//1012 334//334 1009//1009
f 1372//1372 1009//1009 335//335 1010//1010
f 1372//1372 1010//1010 336//336 1011//1011
f 1373//1373 1007//1007 334//334 1012//1012
f 1373//1373 1012//1012 337//337 1013//1013
f 1373//1373 1013//1013 5//5 428//428
f 1373//1373 428//428 48//48 1007//1007
f 1374//1374 1015//1015 339//339 1016//1016
f 1374//1374 1016//1016 338//338 1014//1014
f 1374//1374 1014//1014 42//42 416//416
f 1374//1374 416//416 37//37 1015//1015
f 1375//1375 1010//1010 335//335 1018//1018
f 1375//1375 1018//1018 338//338 1016//1016
f 1375//1375 1016//1016 339//339 1017//1017
f 1375//1375 1017//1017 336//336 1010//1010
f 1376//1376 1014//1014 338//338 1018//1018
f 1376//1376 1018//1018 335//335 1008//1008
f 1376//1376 1008//1008 43//43 418//418
f 1376//1376 418//418 42//42 1014//1014
f 1377//1377 1020//1020 341//341 1021//1021
f 1377//1377 1021//1021 340//340 1019//1019
f 1377//1377 1019//1019 36//36 406//406
f 1377//1377 406//406 31//31 1020//1020
f 1378//1378 1017//1017 339//339 1023//1023
f 1378//1378 1023//1023 340//340 1021//1021
f 1378//1378 1021//1021 341//341 1022//1022
f 1378//1378 1022//1022 336//336 1017//1017
f 1379//1379 1019//1019 340//340 1023//1023
f 1379//1379 1023//1023 339//339 1015//1015
f 1379//1379 1015//1015 37//37 408//408
f 1379//1379 408//408 36//36 1019//1019
f 1380//1380 1025//1025 343//343 1026//1026
f 1380//1380 1026//1026 342//342 1024//1024
f 1380//1380 1024//1024 30//30 396//396
f 1380//1380 396//396 25//25 1025//1025
f 1381//1381 1022//1022 341//341 1028//1028
f 1381//1381 1028//1028 342//342 1026//1026
f 1381//1381 1026//1026 343//343 1027//1027
f 1381//1381 1027//1027 336//336 1022//1022
f 1382//1382 1024//1024 342//342 1028//1028
f 1382//1382 1028//1028 341//341 1020//1020
f 1382//1382 1020//1020 31//31 398//398
f 1382//1382 398//398 30//30 1024//1024
f 1383//1383 1030//1030 345//345 1031//1031
f 1383//1383 1031//1031 344//344 1029//1029
f 1383//1383 1029//1029 24//24 386//386
f 1383//1383 386//386 19//19 1030//1030
f 1384//1384 1027//1027 343//343 1033//1033
f 1384//1384 1033//1033 344//344 1031//1031
f 1384//1384 1031//1031 345//345 1032//1032
f 1384//1384 1032//1032 336//336 1027//1027
f 1385//1385 1029//1029 344//344 1033//1033
f 1385//1385 1033//1033 343//343 1025//1025
f 1385//1385 1025//1025 25//25 388//388
f 1385//1385 388//388 24//24 1029//1029
f 1386//1386 1035//1035 347//347 1036//1036
f 1386//1386 1036//1036 346//346 1034//1034
f 1386//1386 1034//1034 18//18 376//376
f 1386//1386 376//376 13//13 1035//1035
f 1387//1387 1032//1032 345//345 1038//1038
f 1387//1387 1038//1038 346//346 1036//1036
f 1387//1387 1036//1036 347//347 1037//1037
f 1387//1387 1037//1037 336//336 1032//1032
f 1388//1388 1034//1034 346//346 1038//1038
f 1388//1388 1038//1038 345//345 1030//1030
f 1388//1388 1030//1030 19//19 378//378
f 1388//1388 378//378 18//18 1034//1034
f 1389//1389 1040//1040 349//349 1041//1041
f 1389//1389 1041//1041 348//348 1039//1039
f 1389//1389 1039//1039 12//12 366//366
f 1389//1389 366//366 7//7 1040//1040
f 1390//1390 1037//1037 347//347 1043//1043
f 1390//1390 1043//1043 348//348 1041//1041
f 1390//1390 1041//1041 349//349 1042//1042
f 1390//1390 1042//1042 336//336 1037//1037
f 1391//1391 1039//1039 348//348 1043//1043
f 1391//1391 1043//1043 347//347 1035//1035
f 1391//1391 1035//1035 13//13 368//368
f 1391//1391 368//368 12//12 1039//1039
f 1392//1392 1013//1013 337//337 1045//1045
f 1392//1392 1045//1045 350//350 1044//1044
f 1392//1392 1044//1044 6//6 356//356
f 1392//1392 356//356 5//5 1013//1013
f 1393//1393 1042//1042 349//349 1046//1046
f 1393//1393 1046//1046 350//350 1045//1045
f 1393//1393 1045//1045 337//337 1011//1011
f 1393//1393 1011//1011 336//336 1042//1042
f 1394//1394 1044//1044 350//350 1046//1046
f 1394//1394 1046//1046 349//349 1040//1040
f 1394//1394 1040//1040 7//7 358//358
f 1394//1394 358//358 6//6 1044//1044
